order_month,sales,mom_growth_%,rolling_3m_sales,rolling_6m_sales
2010-12,43419,,,
2011-01,469795,982.0032704576338,,
2011-02,466307,-0.742451494800922,326507.0,
2011-03,485165,4.04411685863606,473755.6666666667,
2011-04,502042,3.478610369668056,484504.6666666667,
2011-05,561647,11.872512658303492,516284.6666666667,421395.8333333333
2011-06,737793,31.362403787432314,600494.0,537124.8333333334
2011-07,596710,-19.122301241676187,632050.0,558277.3333333334
2011-08,614516,2.984029092859175,649673.0,582978.8333333334
2011-09,603047,-1.866346848576761,604757.6666666666,602625.8333333334
2011-10,708164,17.430979674884384,641909.0,636979.5
2011-11,660507,-6.729655842431981,657239.3333333334,653456.1666666666
2011-12,669395,1.3456329758806396,679355.3333333334,642056.5
2012-01,495363,-25.99840154169063,608421.6666666666,625165.3333333334
2012-02,506992,2.3475713769498308,557250.0,607244.6666666666
2012-03,373478,-26.334537823082016,458611.0,568983.1666666666
2012-04,400324,7.188107465499982,426931.3333333333,517676.5
2012-05,358866,-10.356111549644787,377556.0,467403.0
2012-06,555142,54.69339530632604,438110.6666666667,448360.8333333333
2012-07,444533,-19.924451761891547,452847.0,439889.1666666667
2012-08,523887,17.85109316968594,507854.0,442705.0
2012-09,486149,-7.2034618152387875,484856.3333333333,461483.5
2012-10,535125,10.074277639160002,515053.6666666667,483950.3333333333
2012-11,537918,0.5219341275402911,519730.6666666667,513792.3333333333
2012-12,624454,16.087210318301292,565832.3333333334,525344.3333333334
2013-01,857758,37.3612788131712,673376.6666666666,594215.1666666666
2013-02,771218,-10.089092727785697,751143.3333333334,635437.0
2013-03,1049732,36.11352432126844,892902.6666666666,729367.5
2013-04,1045860,-0.36885605087775275,955603.3333333334,814490.0
2013-05,1284456,22.813378463656697,1126682.6666666667,938913.0
2013-06,1642948,27.910025722951982,1324421.3333333333,1108662.0
2013-07,1371595,-16.516225711343267,1432999.6666666667,1194301.5
2013-08,1545910,12.70892646881916,1520151.0,1323416.8333333333
2013-09,1447324,-6.377214714957535,1454943.0,1389682.1666666667
2013-10,1673261,15.610671832982792,1555498.3333333333,1494249.0
2013-11,1780688,6.4202177663855275,1633757.6666666667,1576954.3333333333
2013-12,1874128,5.24740998984663,1776025.6666666667,1615484.3333333333
2014-01,45642,-97.56462738937789,1233486.0,1394492.1666666667
