cohort_month,0
2010-12,14
2011-01,144
2011-02,144
2011-03,150
2011-04,157
2011-05,174
2011-06,230
2011-07,188
2011-08,193
2011-09,185
2011-10,221
2011-11,208
2011-12,222
2012-01,252
2012-02,260
2012-03,212
2012-04,219
2012-05,207
2012-06,318
2012-07,246
2012-08,294
2012-09,269
2012-10,313
2012-11,324
2012-12,311
2013-01,325
2013-02,1087
2013-03,1164
2013-04,1088
2013-05,1141
2013-06,1154
2013-07,1052
2013-08,1072
2013-09,1029
2013-10,1134
2013-11,1133
2013-12,1142
2014-01,506
