cohort_month,0,1,2,3,4,5,6,7,8,9,10,11,12,13,14,15,16,17,18,19,20,21,22,23,24,25,26,27,28,29,30,31,32,33,34,35,36
2010-12,1.0,0.0,0.0,0.0,0.0,0.0,0.0,0.0,0.0,0.0,0.0,0.0,0.0,0.0,0.0,0.0,0.0,0.0,0.0,0.0,0.0,0.0,0.0,0.0,0.0,0.21428571428571427,0.0,0.21428571428571427,0.07142857142857142,0.14285714285714285,0.0,0.14285714285714285,0.0,0.0,0.0,0.21428571428571427,0.14285714285714285
2011-01,1.0,0.0,0.0,0.0,0.0,0.0,0.0,0.0,0.0,0.0,0.0,0.0,0.0,0.0,0.0,0.0,0.0,0.0,0.0,0.0,0.0,0.0,0.0,0.027777777777777776,0.10416666666666667,0.041666666666666664,0.0763888888888889,0.06944444444444445,0.14583333333333334,0.16666666666666666,0.04861111111111111,0.05555555555555555,0.034722222222222224,0.08333333333333333,0.1736111111111111,0.1875,0.0
2011-02,1.0,0.0,0.0,0.0,0.0,0.0,0.0,0.0,0.0,0.0,0.0,0.0,0.0,0.0,0.0,0.0,0.0,0.0,0.0,0.0,0.0,0.0,0.013888888888888888,0.08333333333333333,0.041666666666666664,0.0763888888888889,0.06944444444444445,0.05555555555555555,0.08333333333333333,0.08333333333333333,0.13194444444444445,0.04861111111111111,0.027777777777777776,0.2013888888888889,0.19444444444444445,0.0,0.0
2011-03,1.0,0.0,0.0,0.0,0.0,0.0,0.0,0.0,0.0,0.0,0.0,0.0,0.0,0.0,0.0,0.0,0.0,0.0,0.0,0.0,0.0,0.013333333333333334,0.04666666666666667,0.02,0.013333333333333334,0.02,0.02666666666666667,0.12,0.16,0.10666666666666667,0.12,0.08666666666666667,0.04,0.16666666666666666,0.0,0.0,0.0
2011-04,1.0,0.0,0.0,0.0,0.0,0.0,0.0,0.0,0.0,0.0,0.0,0.0,0.0,0.0,0.0,0.0,0.0,0.0,0.0,0.0,0.006369426751592357,0.10828025477707007,0.03184713375796178,0.044585987261146494,0.03821656050955414,0.006369426751592357,0.1592356687898089,0.15286624203821655,0.12101910828025478,0.08280254777070063,0.12101910828025478,0.01910828025477707,0.17197452229299362,0.0,0.0,0.0,0.0
2011-05,1.0,0.0,0.0,0.0,0.0,0.0,0.0,0.0,0.0,0.0,0.0,0.0,0.0,0.0,0.0,0.0,0.0,0.0,0.0,0.034482758620689655,0.20114942528735633,0.08620689655172414,0.04597701149425287,0.06321839080459771,0.028735632183908046,0.08620689655172414,0.06896551724137931,0.05747126436781609,0.08620689655172414,0.1206896551724138,0.06321839080459771,0.022988505747126436,0.0,0.0,0.0,0.0,0.0
2011-06,1.0,0.0,0.0,0.0,0.0,0.0,0.0,0.0,0.0,0.0,0.0,0.0,0.0,0.0,0.0,0.0,0.0,0.0,0.013043478260869565,0.06086956521739131,0.08695652173913043,0.10869565217391304,0.06086956521739131,0.06086956521739131,0.10434782608695652,0.05652173913043478,0.0782608695652174,0.043478260869565216,0.1,0.07391304347826087,0.09565217391304348,0.0,0.0,0.0,0.0,0.0,0.0
2011-07,1.0,0.0,0.0,0.0,0.0,0.0,0.0,0.0,0.0,0.0,0.0,0.0,0.0,0.0,0.0,0.0,0.0,0.010638297872340425,0.09042553191489362,0.0425531914893617,0.16489361702127658,0.0851063829787234,0.031914893617021274,0.06914893617021277,0.15425531914893617,0.0797872340425532,0.09042553191489362,0.09042553191489362,0.09574468085106383,0.05319148936170213,0.0,0.0,0.0,0.0,0.0,0.0,0.0
2011-08,1.0,0.0,0.0,0.0,0.0,0.0,0.0,0.0,0.0,0.0,0.0,0.0,0.0,0.0,0.0,0.0,0.015544041450777202,0.09326424870466321,0.08808290155440414,0.04145077720207254,0.11398963730569948,0.08808290155440414,0.08808290155440414,0.046632124352331605,0.08808290155440414,0.046632124352331605,0.09326424870466321,0.046632124352331605,0.13471502590673576,0.0,0.0,0.0,0.0,0.0,0.0,0.0,0.0
2011-09,1.0,0.0,0.0,0.0,0.0,0.0,0.0,0.0,0.0,0.0,0.0,0.0,0.0,0.0,0.0,0.021621621621621623,0.10270270270270271,0.14594594594594595,0.15135135135135136,0.07027027027027027,0.11351351351351352,0.12972972972972974,0.11891891891891893,0.043243243243243246,0.11351351351351352,0.06486486486486487,0.06486486486486487,0.04864864864864865,0.0,0.0,0.0,0.0,0.0,0.0,0.0,0.0,0.0
2011-10,1.0,0.0,0.0,0.0,0.0,0.0,0.0,0.0,0.0,0.0,0.0,0.0,0.0,0.0,0.013574660633484163,0.049773755656108594,0.1583710407239819,0.09954751131221719,0.027149321266968326,0.09502262443438914,0.26244343891402716,0.07239819004524888,0.07239819004524888,0.08597285067873303,0.05429864253393665,0.08597285067873303,0.09049773755656108,0.0,0.0,0.0,0.0,0.0,0.0,0.0,0.0,0.0,0.0
2011-11,1.0,0.0,0.0,0.0,0.0,0.0,0.0,0.0,0.0,0.0,0.0,0.0,0.0,0.0,0.004807692307692308,0.10096153846153846,0.18269230769230768,0.09615384615384616,0.009615384615384616,0.052884615384615384,0.27884615384615385,0.13942307692307693,0.028846153846153848,0.09615384615384616,0.07211538461538461,0.10576923076923077,0.0,0.0,0.0,0.0,0.0,0.0,0.0,0.0,0.0,0.0,0.0
2011-12,1.0,0.0,0.0,0.0,0.0,0.0,0.0,0.0,0.0,0.0,0.0,0.0,0.0,0.013513513513513514,0.018018018018018018,0.13513513513513514,0.15315315315315314,0.02252252252252252,0.06306306306306306,0.1036036036036036,0.23423423423423423,0.1036036036036036,0.10810810810810811,0.06756756756756757,0.07657657657657657,0.0,0.0,0.0,0.0,0.0,0.0,0.0,0.0,0.0,0.0,0.0,0.0
2012-01,1.0,0.0,0.0,0.0,0.0,0.0,0.0,0.0,0.0,0.0,0.0,0.003968253968253968,0.027777777777777776,0.027777777777777776,0.09126984126984126,0.20634920634920634,0.051587301587301584,0.04365079365079365,0.05952380952380952,0.16666666666666666,0.1626984126984127,0.12301587301587301,0.11507936507936507,0.03571428571428571,0.0,0.0,0.0,0.0,0.0,0.0,0.0,0.0,0.0,0.0,0.0,0.0,0.0
2012-02,1.0,0.0,0.0,0.0,0.0,0.0,0.0,0.0,0.0,0.0,0.0038461538461538464,0.015384615384615385,0.023076923076923078,0.023076923076923078,0.06923076923076923,0.2153846153846154,0.026923076923076925,0.015384615384615385,0.06153846153846154,0.17307692307692307,0.1423076923076923,0.12692307692307692,0.08461538461538462,0.0,0.0,0.0,0.0,0.0,0.0,0.0,0.0,0.0,0.0,0.0,0.0,0.0,0.0
2012-03,1.0,0.0,0.0,0.0,0.0,0.0,0.0,0.0,0.0,0.0047169811320754715,0.05188679245283019,0.03773584905660377,0.04245283018867924,0.0660377358490566,0.1320754716981132,0.10849056603773585,0.06132075471698113,0.11320754716981132,0.05660377358490566,0.23113207547169812,0.18396226415094338,0.03773584905660377,0.0,0.0,0.0,0.0,0.0,0.0,0.0,0.0,0.0,0.0,0.0,0.0,0.0,0.0,0.0
2012-04,1.0,0.0,0.0,0.0,0.0,0.0,0.0,0.0,0.0,0.0182648401826484,0.0136986301369863,0.0547945205479452,0.0821917808219178,0.1872146118721461,0.0776255707762557,0.0091324200913242,0.1187214611872146,0.0593607305936073,0.1552511415525114,0.2237442922374429,0.1506849315068493,0.0,0.0,0.0,0.0,0.0,0.0,0.0,0.0,0.0,0.0,0.0,0.0,0.0,0.0,0.0,0.0
2012-05,1.0,0.0,0.0,0.0,0.0,0.0,0.0,0.00966183574879227,0.024154589371980676,0.014492753623188406,0.057971014492753624,0.0821256038647343,0.10144927536231885,0.22705314009661837,0.024154589371980676,0.14492753623188406,0.0966183574879227,0.057971014492753624,0.12560386473429952,0.1642512077294686,0.0,0.0,0.0,0.0,0.0,0.0,0.0,0.0,0.0,0.0,0.0,0.0,0.0,0.0,0.0,0.0,0.0
2012-06,1.0,0.0,0.0,0.0,0.0,0.0,0.0031446540880503146,0.0440251572327044,0.018867924528301886,0.03773584905660377,0.025157232704402517,0.08490566037735849,0.1320754716981132,0.11320754716981132,0.06918238993710692,0.12264150943396226,0.06918238993710692,0.1320754716981132,0.2610062893081761,0.0,0.0,0.0,0.0,0.0,0.0,0.0,0.0,0.0,0.0,0.0,0.0,0.0,0.0,0.0,0.0,0.0,0.0
2012-07,1.0,0.0,0.0,0.0,0.0,0.0,0.08536585365853659,0.036585365853658534,0.044715447154471545,0.028455284552845527,0.1016260162601626,0.13821138211382114,0.1910569105691057,0.13414634146341464,0.06504065040650407,0.04878048780487805,0.06097560975609756,0.21138211382113822,0.0,0.0,0.0,0.0,0.0,0.0,0.0,0.0,0.0,0.0,0.0,0.0,0.0,0.0,0.0,0.0,0.0,0.0,0.0
2012-08,1.0,0.0,0.0,0.0,0.006802721088435374,0.07482993197278912,0.08503401360544217,0.06802721088435375,0.06802721088435375,0.07482993197278912,0.12585034013605442,0.12244897959183673,0.19047619047619047,0.11224489795918367,0.09183673469387756,0.05102040816326531,0.12244897959183673,0.0,0.0,0.0,0.0,0.0,0.0,0.0,0.0,0.0,0.0,0.0,0.0,0.0,0.0,0.0,0.0,0.0,0.0,0.0,0.0
2012-09,1.0,0.0,0.0,0.007434944237918215,0.05204460966542751,0.03717472118959108,0.07806691449814127,0.055762081784386616,0.08178438661710037,0.14869888475836432,0.07434944237918216,0.21189591078066913,0.20446096654275092,0.1412639405204461,0.05204460966542751,0.03717472118959108,0.0,0.0,0.0,0.0,0.0,0.0,0.0,0.0,0.0,0.0,0.0,0.0,0.0,0.0,0.0,0.0,0.0,0.0,0.0,0.0,0.0
2012-10,1.0,0.0,0.006389776357827476,0.038338658146964855,0.019169329073482427,0.051118210862619806,0.025559105431309903,0.038338658146964855,0.1501597444089457,0.051118210862619806,0.06389776357827476,0.20447284345047922,0.19808306709265175,0.04792332268370607,0.10862619808306709,0.0,0.0,0.0,0.0,0.0,0.0,0.0,0.0,0.0,0.0,0.0,0.0,0.0,0.0,0.0,0.0,0.0,0.0,0.0,0.0,0.0,0.0
2012-11,1.0,0.0030864197530864196,0.024691358024691357,0.027777777777777776,0.033950617283950615,0.021604938271604937,0.07716049382716049,0.10802469135802469,0.13580246913580246,0.046296296296296294,0.08333333333333333,0.22530864197530864,0.16358024691358025,0.08641975308641975,0.0,0.0,0.0,0.0,0.0,0.0,0.0,0.0,0.0,0.0,0.0,0.0,0.0,0.0,0.0,0.0,0.0,0.0,0.0,0.0,0.0,0.0,0.0
2012-12,1.0,0.02572347266881029,0.03215434083601286,0.04823151125401929,0.022508038585209004,0.04180064308681672,0.04501607717041801,0.12540192926045016,0.07395498392282958,0.07395498392282958,0.09646302250803858,0.2315112540192926,0.13504823151125403,0.0,0.0,0.0,0.0,0.0,0.0,0.0,0.0,0.0,0.0,0.0,0.0,0.0,0.0,0.0,0.0,0.0,0.0,0.0,0.0,0.0,0.0,0.0,0.0
2013-01,1.0,0.052307692307692305,0.046153846153846156,0.05846153846153846,0.04923076923076923,0.06769230769230769,0.052307692307692305,0.05846153846153846,0.043076923076923075,0.05846153846153846,0.06153846153846154,0.046153846153846156,0.052307692307692305,0.0,0.0,0.0,0.0,0.0,0.0,0.0,0.0,0.0,0.0,0.0,0.0,0.0,0.0,0.0,0.0,0.0,0.0,0.0,0.0,0.0,0.0,0.0,0.0
2013-02,1.0,0.05519779208831647,0.051517939282428704,0.051517939282428704,0.045078196872125116,0.05519779208831647,0.04415823367065318,0.045998160073597055,0.05611775528978841,0.05703771849126035,0.05335786568537258,0.04415823367065318,0.0,0.0,0.0,0.0,0.0,0.0,0.0,0.0,0.0,0.0,0.0,0.0,0.0,0.0,0.0,0.0,0.0,0.0,0.0,0.0,0.0,0.0,0.0,0.0,0.0
2013-03,1.0,0.037800687285223365,0.037800687285223365,0.030927835051546393,0.04209621993127148,0.03608247422680412,0.030927835051546393,0.0352233676975945,0.0352233676975945,0.03436426116838488,0.028350515463917526,0.0,0.0,0.0,0.0,0.0,0.0,0.0,0.0,0.0,0.0,0.0,0.0,0.0,0.0,0.0,0.0,0.0,0.0,0.0,0.0,0.0,0.0,0.0,0.0,0.0,0.0
2013-04,1.0,0.027573529411764705,0.034926470588235295,0.03308823529411765,0.030330882352941176,0.03216911764705882,0.03400735294117647,0.022058823529411766,0.027573529411764705,0.030330882352941176,0.0,0.0,0.0,0.0,0.0,0.0,0.0,0.0,0.0,0.0,0.0,0.0,0.0,0.0,0.0,0.0,0.0,0.0,0.0,0.0,0.0,0.0,0.0,0.0,0.0,0.0,0.0
2013-05,1.0,0.035056967572304996,0.02716914986853637,0.035056967572304996,0.028045574057843997,0.021034180543382998,0.033304119193689745,0.024539877300613498,0.029798422436459245,0.0,0.0,0.0,0.0,0.0,0.0,0.0,0.0,0.0,0.0,0.0,0.0,0.0,0.0,0.0,0.0,0.0,0.0,0.0,0.0,0.0,0.0,0.0,0.0,0.0,0.0,0.0,0.0
2013-06,1.0,0.01993067590987868,0.026863084922010397,0.032062391681109186,0.0389948006932409,0.02772963604852686,0.02772963604852686,0.019064124783362217,0.0,0.0,0.0,0.0,0.0,0.0,0.0,0.0,0.0,0.0,0.0,0.0,0.0,0.0,0.0,0.0,0.0,0.0,0.0,0.0,0.0,0.0,0.0,0.0,0.0,0.0,0.0,0.0,0.0
2013-07,1.0,0.02091254752851711,0.027566539923954372,0.030418250950570342,0.026615969581749048,0.04182509505703422,0.02376425855513308,0.0,0.0,0.0,0.0,0.0,0.0,0.0,0.0,0.0,0.0,0.0,0.0,0.0,0.0,0.0,0.0,0.0,0.0,0.0,0.0,0.0,0.0,0.0,0.0,0.0,0.0,0.0,0.0,0.0,0.0
2013-08,1.0,0.017723880597014924,0.03264925373134328,0.022388059701492536,0.030783582089552237,0.020522388059701493,0.0,0.0,0.0,0.0,0.0,0.0,0.0,0.0,0.0,0.0,0.0,0.0,0.0,0.0,0.0,0.0,0.0,0.0,0.0,0.0,0.0,0.0,0.0,0.0,0.0,0.0,0.0,0.0,0.0,0.0,0.0
2013-09,1.0,0.022351797862001945,0.025267249757045675,0.031098153547133137,0.023323615160349854,0.0,0.0,0.0,0.0,0.0,0.0,0.0,0.0,0.0,0.0,0.0,0.0,0.0,0.0,0.0,0.0,0.0,0.0,0.0,0.0,0.0,0.0,0.0,0.0,0.0,0.0,0.0,0.0,0.0,0.0,0.0,0.0
2013-10,1.0,0.021164021164021163,0.020282186948853614,0.024691358024691357,0.0,0.0,0.0,0.0,0.0,0.0,0.0,0.0,0.0,0.0,0.0,0.0,0.0,0.0,0.0,0.0,0.0,0.0,0.0,0.0,0.0,0.0,0.0,0.0,0.0,0.0,0.0,0.0,0.0,0.0,0.0,0.0,0.0
2013-11,1.0,0.02294792586054722,0.02383053839364519,0.0,0.0,0.0,0.0,0.0,0.0,0.0,0.0,0.0,0.0,0.0,0.0,0.0,0.0,0.0,0.0,0.0,0.0,0.0,0.0,0.0,0.0,0.0,0.0,0.0,0.0,0.0,0.0,0.0,0.0,0.0,0.0,0.0,0.0
2013-12,1.0,0.013134851138353765,0.0,0.0,0.0,0.0,0.0,0.0,0.0,0.0,0.0,0.0,0.0,0.0,0.0,0.0,0.0,0.0,0.0,0.0,0.0,0.0,0.0,0.0,0.0,0.0,0.0,0.0,0.0,0.0,0.0,0.0,0.0,0.0,0.0,0.0,0.0
2014-01,1.0,0.0,0.0,0.0,0.0,0.0,0.0,0.0,0.0,0.0,0.0,0.0,0.0,0.0,0.0,0.0,0.0,0.0,0.0,0.0,0.0,0.0,0.0,0.0,0.0,0.0,0.0,0.0,0.0,0.0,0.0,0.0,0.0,0.0,0.0,0.0,0.0
