customer_key,customer_number,customer_name,age,age_group,customer_segments,recency,total_order,total_sales,avg_order_value,avg_monthly_sales,total_quantity,total_products,last_orderdate,lifespan
1,AW00011000,Jon Yang,55.0,50 and above,vip,161,3,8249,2749,294,8,8,2013-05-03,28
2,AW00011001,Eugene Huang,50.0,50 and above,vip,154,3,6384,2128,182,11,10,2013-12-10,35
3,AW00011002,Ruben Torres,55.0,50 and above,vip,164,3,8114,2704,324,4,4,2013-02-23,25
4,AW00011003,Christy Zhu,53.0,50 and above,vip,161,3,8139,2713,280,9,9,2013-05-10,29
5,AW00011004,Elizabeth Johnson,47.0,40-49,vip,161,3,8196,2732,292,6,6,2013-05-01,28
6,AW00011005,Julio Ruiz,50.0,50 and above,vip,161,3,8121,2707,280,6,6,2013-05-02,29
7,AW00011006,Janet Alvarez,50.0,50 and above,vip,161,3,8119,2706,289,5,5,2013-05-14,28
8,AW00011007,Marco Mehta,57.0,50 and above,vip,163,3,8211,2737,315,8,8,2013-03-19,26
9,AW00011008,Rob Verhoff,51.0,50 and above,vip,163,3,8106,2702,311,7,7,2013-03-02,26
10,AW00011009,Shannon Carlson,57.0,50 and above,vip,161,3,8091,2697,288,5,5,2013-05-09,28
11,AW00011010,Jacquelyn Suarez,57.0,50 and above,vip,161,3,8088,2696,288,4,4,2013-05-23,28
12,AW00011011,Curtis Lu,57.0,50 and above,vip,163,3,8133,2711,301,4,4,2013-03-19,27
18,AW00011017,Shannon Wang,77.0,50 and above,vip,156,3,6434,2144,194,4,4,2013-10-14,33
19,AW00011018,Clarence Rai,71.0,50 and above,vip,156,3,6533,2177,197,7,7,2013-10-24,33
26,AW00011025,Alejandro Beck,75.0,50 and above,vip,156,3,6577,2192,199,6,6,2013-10-25,33
27,AW00011026,Harold Sai,75.0,50 and above,vip,156,3,6575,2191,199,7,7,2013-10-15,33
28,AW00011027,Jessie Zhao,74.0,50 and above,vip,156,3,6591,2197,199,9,9,2013-10-24,33
29,AW00011028,Jill Jimenez,75.0,50 and above,vip,156,3,6474,2158,196,5,5,2013-10-07,33
30,AW00011029,Jimmy Moreno,74.0,50 and above,vip,155,3,6565,2188,193,7,7,2013-11-11,34
31,AW00011030,Bethany Yuan,68.0,50 and above,vip,155,3,6471,2157,196,4,4,2013-11-09,33
32,AW00011031,Theresa Ramos,73.0,50 and above,vip,155,3,6478,2159,196,6,6,2013-11-13,33
33,AW00011032,Denise Stone,74.0,50 and above,vip,155,3,6525,2175,197,10,10,2013-11-08,33
34,AW00011033,Jaime Nath,68.0,50 and above,vip,155,3,6495,2165,196,7,7,2013-11-05,33
35,AW00011034,Ebony Gonzalez,74.0,50 and above,vip,155,3,6491,2163,196,4,4,2013-11-10,33
36,AW00011035,Wendy Dominguez,73.0,50 and above,vip,155,3,6451,2150,195,5,5,2013-11-15,33
39,AW00011038,Diana Hernandez,73.0,50 and above,vip,155,3,6437,2145,195,3,3,2013-11-12,33
40,AW00011039,Marc Martin,72.0,50 and above,vip,155,3,6636,2212,201,9,8,2013-11-11,33
45,AW00011044,Adam Flores,72.0,50 and above,vip,155,3,6515,2171,197,7,7,2013-11-08,33
47,AW00011046,Christine Yuan,71.0,50 and above,vip,155,3,6616,2205,200,6,6,2013-11-12,33
48,AW00011047,Jaclyn Lu,71.0,50 and above,vip,155,3,6582,2194,199,4,4,2013-11-19,33
49,AW00011048,Jeremy Powell,70.0,50 and above,vip,154,3,6498,2166,191,8,8,2013-12-25,34
53,AW00011052,Heidi Lopez,69.0,50 and above,vip,161,3,8131,2710,301,7,7,2013-05-27,27
55,AW00011054,Deanna Munoz,69.0,50 and above,vip,161,3,8223,2741,304,6,6,2013-05-30,27
56,AW00011055,Gilbert Raje,69.0,50 and above,vip,160,3,8168,2722,281,8,8,2013-06-07,29
57,AW00011056,Michele Nath,68.0,50 and above,vip,161,3,8207,2735,303,8,8,2013-05-31,27
58,AW00011057,Carl Andersen,56.0,50 and above,vip,161,3,8088,2696,299,4,4,2013-05-21,27
59,AW00011058,Marc Diaz,61.0,50 and above,vip,160,3,8248,2749,305,6,6,2013-06-04,27
61,AW00011060,Jon Zhou,67.0,50 and above,vip,160,3,8153,2717,301,6,6,2013-06-25,27
62,AW00011061,Todd Gao,50.0,50 and above,vip,160,3,8129,2709,301,6,6,2013-06-14,27
70,AW00011069,Carolyn Navarro,60.0,50 and above,vip,160,3,8104,2701,311,3,3,2013-06-04,26
71,AW00011070,Willie Raji,66.0,50 and above,vip,160,3,8165,2721,314,10,9,2013-06-26,26
73,AW00011072,Casey Luo,66.0,50 and above,vip,160,3,8194,2731,303,7,7,2013-06-15,27
76,AW00011075,Felicia Jimenez,63.0,50 and above,vip,160,3,8068,2689,310,5,5,2013-06-24,26
77,AW00011076,Blake Anderson,63.0,50 and above,vip,160,3,8159,2719,313,4,4,2013-06-21,26
78,AW00011077,Leah Ye,63.0,50 and above,vip,160,3,8169,2723,314,5,5,2013-06-12,26
81,AW00011080,Damien Chander,61.0,50 and above,vip,160,3,8204,2734,315,7,7,2013-06-23,26
91,AW00011090,Trevor Bryant,58.0,50 and above,vip,155,3,6703,2234,248,6,6,2013-11-21,27
93,AW00011092,Cheryl Diaz,54.0,50 and above,vip,160,3,8110,2703,311,5,5,2013-06-21,26
94,AW00011093,Aimee He,48.0,40-49,vip,160,3,8180,2726,314,7,7,2013-06-08,26
96,AW00011095,Chad Kumar,58.0,50 and above,vip,160,3,8158,2719,313,7,7,2013-06-25,26
97,AW00011096,Andrés Anand,58.0,50 and above,vip,159,3,8063,2687,298,4,4,2013-07-30,27
98,AW00011097,Edwin Nara,54.0,50 and above,vip,159,3,8099,2699,299,5,5,2013-07-24,27
100,AW00011099,Adam Ross,60.0,50 and above,vip,159,3,8216,2738,304,9,8,2013-07-01,27
101,AW00011100,Latasha Navarro,60.0,50 and above,vip,158,3,8172,2724,291,7,7,2013-08-07,28
102,AW00011101,Abby Sai,56.0,50 and above,vip,160,3,8262,2754,317,7,7,2013-06-29,26
104,AW00011103,Cassie Chande,45.0,40-49,vip,160,3,8182,2727,314,8,8,2013-06-06,26
105,AW00011104,Edgar Sara,51.0,50 and above,vip,160,3,8173,2724,326,6,6,2013-06-15,25
106,AW00011105,Candace Fernandez,56.0,50 and above,vip,160,3,8096,2698,323,5,5,2013-06-05,25
107,AW00011106,Jessie Liu,56.0,50 and above,vip,160,3,8079,2693,323,3,3,2013-06-15,25
108,AW00011107,Bianca Lin,50.0,50 and above,vip,160,3,8171,2723,326,6,6,2013-06-21,25
109,AW00011108,Kari Alvarez,57.0,50 and above,vip,160,3,8124,2708,324,5,5,2013-06-23,25
110,AW00011109,Ruben Kapoor,46.0,40-49,vip,160,3,8245,2748,329,8,8,2013-06-24,25
111,AW00011110,Curtis Yang,59.0,50 and above,vip,158,3,8093,2697,299,5,5,2013-08-20,27
112,AW00011111,Meredith Gutierrez,59.0,50 and above,vip,158,3,8137,2712,301,8,8,2013-08-22,27
113,AW00011112,Crystal Wang,58.0,50 and above,vip,157,3,8295,2765,296,6,6,2013-09-02,28
118,AW00011117,April Deng,60.0,50 and above,vip,160,3,8185,2728,327,8,8,2013-06-25,25
121,AW00011120,Beth Jiménez,84.0,50 and above,vip,157,3,8242,2747,294,10,10,2013-09-19,28
125,AW00011124,Ross Jordan,58.0,50 and above,vip,160,3,8129,2709,325,6,6,2013-06-18,25
148,AW00011147,Ernest Wu,82.0,50 and above,vip,156,3,8195,2731,282,7,7,2013-10-16,29
152,AW00011151,Melinda Gill,79.0,50 and above,vip,156,3,8087,2695,278,6,6,2013-10-20,29
172,AW00011171,Jonathan Hill,48.0,40-49,vip,155,3,6716,2238,248,8,8,2013-11-07,27
176,AW00011175,Luis Wang,58.0,50 and above,vip,155,3,6710,2236,248,8,8,2013-11-03,27
192,AW00011191,Kristi Perez,75.0,50 and above,vip,155,3,6743,2247,249,7,7,2013-11-06,27
225,AW00011224,Tiffany Li,69.0,50 and above,vip,154,3,6685,2228,238,5,5,2013-12-03,28
238,AW00011237,Clarence Anand,62.0,50 and above,vip,155,4,10566,2641,406,6,6,2013-11-25,26
239,AW00011238,Mayra Prasad,62.0,50 and above,vip,162,4,7543,1885,279,9,9,2013-04-30,27
240,AW00011239,Latoya Goel,57.0,50 and above,vip,161,4,7511,1877,268,11,11,2013-05-28,28
241,AW00011240,Anne Hernandez,62.0,50 and above,vip,161,4,7586,1896,280,13,10,2013-05-13,27
242,AW00011241,Lisa Cai,52.0,50 and above,vip,156,7,11468,1638,882,25,20,2013-10-29,13
243,AW00011242,Larry Munoz,63.0,50 and above,vip,154,7,11067,1581,737,12,12,2013-12-04,15
244,AW00011243,Robin Alvarez,63.0,50 and above,vip,160,4,7164,1791,255,12,10,2013-06-09,28
245,AW00011244,Alexis Coleman,58.0,50 and above,vip,159,4,7175,1793,247,12,11,2013-07-19,29
246,AW00011245,Ricky Vazquez,64.0,50 and above,vip,154,4,10580,2645,391,9,9,2013-12-11,27
247,AW00011246,Latasha Rubio,64.0,50 and above,vip,154,4,10575,2643,406,7,7,2013-12-20,26
248,AW00011247,Claudia Zhou,65.0,50 and above,vip,158,4,7131,1782,237,12,11,2013-08-17,30
250,AW00011249,Cindy Patel,60.0,50 and above,vip,157,4,9890,2472,430,11,11,2013-09-15,23
251,AW00011250,Shannon Liu,60.0,50 and above,vip,158,4,7115,1778,245,11,10,2013-08-06,29
253,AW00011252,Nicholas Thompson,89.0,50 and above,vip,154,3,6685,2228,238,7,7,2013-12-18,28
258,AW00011257,Jacqueline Powell,,50 and above,vip,154,3,6676,2225,238,6,6,2013-12-14,28
260,AW00011259,Victoria Stewart,56.0,50 and above,vip,154,3,6770,2256,250,5,5,2013-12-20,27
262,AW00011261,Stephanie Collins,56.0,50 and above,vip,154,3,6650,2216,246,4,4,2013-12-23,27
264,AW00011263,Trinity Richardson,56.0,50 and above,vip,154,3,6753,2251,241,9,9,2013-12-10,28
334,AW00011333,Emily Miller,58.0,50 and above,vip,159,3,8163,2721,291,6,6,2013-07-14,28
335,AW00011334,Nicole Brown,60.0,50 and above,vip,159,3,8154,2718,291,6,6,2013-07-27,28
338,AW00011337,Jerome Romero,59.0,50 and above,vip,159,3,8162,2720,291,8,7,2013-07-19,28
342,AW00011341,Randy Zeng,84.0,50 and above,vip,159,3,8192,2730,303,8,8,2013-07-19,27
344,AW00011343,Arthur Carlson,51.0,50 and above,vip,159,3,8222,2740,304,9,9,2013-07-24,27
345,AW00011344,Jessie Jimenez,63.0,50 and above,vip,159,3,8119,2706,312,7,7,2013-07-23,26
352,AW00011351,Anne Ramos,76.0,50 and above,vip,158,3,8068,2689,310,5,5,2013-08-28,26
354,AW00011353,Carrie Ortega,80.0,50 and above,vip,158,3,8078,2692,310,6,6,2013-08-08,26
382,AW00011381,Meredith Raman,56.0,50 and above,vip,158,3,8161,2720,313,5,5,2013-08-18,26
388,AW00011387,Megan Ramirez,62.0,50 and above,vip,162,3,6959,2319,331,6,6,2013-04-01,21
389,AW00011388,Joseph Martin,61.0,50 and above,vip,162,3,6987,2329,332,7,7,2013-04-26,21
395,AW00011394,George McDonald,51.0,50 and above,vip,158,3,8162,2720,326,7,7,2013-08-02,25
399,AW00011398,Colin Nath,51.0,50 and above,vip,158,3,8114,2704,324,4,4,2013-08-02,25
401,AW00011400,Franklin Raji,46.0,40-49,vip,159,3,6968,2322,290,8,7,2013-07-19,24
413,AW00011412,Sydney Bryant,67.0,50 and above,vip,156,4,9880,2470,429,11,10,2013-10-11,23
414,AW00011413,Megan Stewart,67.0,50 and above,vip,157,4,7190,1797,287,11,10,2013-09-05,25
415,AW00011414,Ian Richardson,67.0,50 and above,vip,157,4,7191,1797,287,10,10,2013-09-15,25
418,AW00011417,Lacey Zheng,76.0,50 and above,vip,154,7,11248,1606,865,17,14,2013-12-15,13
421,AW00011420,Jordan Turner,74.0,50 and above,vip,155,7,11200,1600,933,17,16,2013-11-29,12
422,AW00011421,Amy Sun,74.0,50 and above,vip,156,4,9780,2445,425,4,4,2013-10-09,23
423,AW00011422,Dustin Deng,74.0,50 and above,vip,155,4,7075,1768,262,10,10,2013-11-03,27
424,AW00011423,Jasmine Stewart,66.0,50 and above,vip,156,4,9905,2476,450,10,10,2013-10-20,22
426,AW00011425,Ariana Gray,61.0,50 and above,vip,154,6,10528,1754,809,15,15,2013-12-21,13
428,AW00011427,Desiree Dominguez,67.0,50 and above,vip,156,4,9918,2479,450,9,8,2013-10-20,22
429,AW00011428,Deanna Perez,67.0,50 and above,vip,156,4,9954,2488,452,12,12,2013-10-22,22
430,AW00011429,Marco Lopez,68.0,50 and above,vip,154,6,10468,1744,872,17,14,2013-12-24,12
432,AW00011431,Bryant Garcia,52.0,50 and above,vip,157,4,9913,2478,472,11,8,2013-09-30,21
433,AW00011432,Dominique Prasad,69.0,50 and above,vip,154,6,9330,1555,777,16,15,2013-12-25,12
434,AW00011433,Maurice Shan,69.0,50 and above,new,157,6,12914,2152,1434,13,12,2013-09-14,9
440,AW00011439,Janet Munoz,73.0,50 and above,new,156,6,12488,2081,1135,14,12,2013-10-20,11
444,AW00011443,Grace Griffin,45.0,40-49,vip,156,3,8235,2745,294,8,8,2013-10-01,28
445,AW00011444,Tina Mehta,45.0,40-49,vip,160,3,8136,2712,339,5,5,2013-06-02,24
446,AW00011445,Kari Kim,46.0,40-49,vip,160,3,8098,2699,337,5,5,2013-06-28,24
447,AW00011446,Bethany Chander,46.0,40-49,vip,160,3,8237,2745,343,7,6,2013-06-21,24
448,AW00011447,Jennifer Roberts,46.0,40-49,vip,161,3,8078,2692,351,6,6,2013-05-31,23
449,AW00011448,Kyle Patterson,46.0,40-49,vip,160,3,8132,2710,338,7,7,2013-06-21,24
450,AW00011449,Alvin Hu,46.0,40-49,vip,160,3,8130,2710,338,7,7,2013-06-24,24
451,AW00011450,Brett Mehta,45.0,40-49,vip,160,3,8173,2724,340,9,9,2013-06-17,24
452,AW00011451,Ruben Muñoz,46.0,40-49,vip,160,3,8250,2750,358,9,9,2013-06-05,23
453,AW00011452,Erika Rubio,47.0,40-49,vip,160,3,8183,2727,355,5,5,2013-06-12,23
454,AW00011453,Stanley Malhotra,42.0,40-49,vip,160,3,8177,2725,355,6,6,2013-06-19,23
455,AW00011454,Melinda Navarro,47.0,40-49,vip,160,3,8089,2696,351,4,4,2013-06-18,23
456,AW00011455,Ross Sanz,47.0,40-49,vip,161,3,8142,2714,370,5,5,2013-05-31,22
457,AW00011456,Jon Gao,46.0,40-49,vip,161,3,8224,2741,373,11,10,2013-05-31,22
458,AW00011457,Jaime Gutierrez,48.0,40-49,vip,160,3,8211,2737,357,10,9,2013-06-01,23
460,AW00011459,Tasha Deng,48.0,40-49,vip,160,3,8141,2713,353,5,5,2013-06-18,23
461,AW00011460,Melvin Chande,43.0,40-49,vip,160,3,8137,2712,353,6,6,2013-06-10,23
462,AW00011461,Victor Jimenez,49.0,40-49,vip,159,3,8089,2696,337,4,4,2013-07-21,24
463,AW00011462,Laura Lin,49.0,40-49,vip,159,3,8116,2705,338,5,5,2013-07-25,24
465,AW00011464,Alejandro Huang,49.0,40-49,vip,159,3,8128,2709,338,7,7,2013-07-01,24
466,AW00011465,Louis Luo,50.0,50 and above,vip,159,3,8158,2719,339,4,4,2013-07-13,24
469,AW00011468,Jaclyn Andersen,46.0,40-49,vip,158,3,6960,2320,290,4,4,2013-08-21,24
473,AW00011472,Kenneth Kumar,58.0,50 and above,vip,156,3,8165,2721,302,6,6,2013-10-26,27
483,AW00011482,Adrienne Torres,48.0,40-49,vip,157,3,8143,2714,339,5,5,2013-09-10,24
486,AW00011485,Donald Chandra,48.0,40-49,vip,157,3,7049,2349,293,7,7,2013-09-12,24
489,AW00011488,Jermaine Lopez,49.0,40-49,vip,158,3,8090,2696,367,5,5,2013-08-30,22
490,AW00011489,Deborah Goel,50.0,50 and above,vip,157,3,8127,2709,353,7,7,2013-09-28,23
492,AW00011491,Andre Perez,44.0,40-49,vip,157,3,8158,2719,370,7,7,2013-09-07,22
494,AW00011493,Dawn Wu,50.0,50 and above,vip,157,3,6959,2319,316,6,6,2013-09-12,22
495,AW00011494,Jimmy Gutierrez,50.0,50 and above,vip,157,3,6974,2324,332,5,5,2013-09-30,21
497,AW00011496,Gary Ortega,50.0,50 and above,vip,155,3,7014,2338,292,7,7,2013-11-05,24
549,AW00011548,Raymond Sanchez,52.0,50 and above,vip,155,3,7068,2356,307,9,8,2013-11-11,23
550,AW00011549,Crystal Liang,47.0,40-49,vip,154,3,7024,2341,292,9,8,2013-12-12,24
569,AW00011568,Alexia Foster,54.0,50 and above,vip,157,3,6789,2263,339,5,5,2013-09-20,20
576,AW00011575,Jackson Campbell,56.0,50 and above,vip,157,3,6806,2268,340,7,7,2013-09-16,20
604,AW00011603,Geoffrey Gonzalez,44.0,40-49,vip,156,3,6767,2255,322,5,5,2013-10-08,21
605,AW00011604,Edgar Sanchez,44.0,40-49,vip,156,3,6786,2262,323,7,7,2013-10-16,21
610,AW00011609,Eugene Ye,45.0,40-49,vip,155,3,6872,2290,312,9,9,2013-11-23,22
611,AW00011610,Blake Collins,46.0,40-49,vip,155,3,6786,2262,308,6,6,2013-11-01,22
613,AW00011612,Keith Andersen,41.0,40-49,vip,155,3,6795,2265,323,6,6,2013-11-18,21
751,AW00011750,Latoya She,42.0,40-49,vip,156,3,8148,2716,301,6,6,2013-10-01,27
752,AW00011751,Victoria Gonzales,50.0,50 and above,vip,159,3,8215,2738,342,6,6,2013-07-17,24
755,AW00011754,Janet Ortega,50.0,50 and above,vip,159,3,8163,2721,340,5,5,2013-07-30,24
757,AW00011756,Linda Ortega,52.0,50 and above,vip,156,3,8078,2692,299,6,6,2013-10-25,27
760,AW00011759,Dawn Nath,46.0,40-49,vip,159,3,8054,2684,335,3,3,2013-07-09,24
762,AW00011761,Edgar Mehta,54.0,50 and above,vip,159,3,8149,2716,354,8,8,2013-07-29,23
763,AW00011762,Randall Gomez,42.0,40-49,vip,159,3,8228,2742,357,7,7,2013-07-06,23
765,AW00011764,Jessie Ramos,53.0,50 and above,vip,159,3,8129,2709,369,6,6,2013-07-07,22
766,AW00011765,Marc Torres,43.0,40-49,vip,159,3,8143,2714,370,5,5,2013-07-26,22
767,AW00011766,Candace Raman,54.0,50 and above,vip,159,3,8280,2760,376,11,11,2013-07-10,22
768,AW00011767,Meagan Madan,49.0,40-49,vip,159,3,8319,2773,378,7,7,2013-07-12,22
769,AW00011768,Clayton Nara,43.0,40-49,vip,159,3,8139,2713,369,4,4,2013-07-14,22
893,AW00011892,Julio Ortega,51.0,50 and above,vip,159,3,8119,2706,369,5,5,2013-07-22,22
894,AW00011893,Orlando Carlson,52.0,50 and above,vip,159,3,8123,2707,353,5,5,2013-07-23,23
895,AW00011894,Ann Gonzalez,46.0,40-49,vip,159,3,8223,2741,373,9,9,2013-07-06,22
896,AW00011895,Dustin Chander,51.0,50 and above,vip,159,3,8149,2716,370,5,5,2013-07-25,22
897,AW00011896,Frank Carlson,51.0,50 and above,vip,159,3,8118,2706,369,6,6,2013-07-11,22
898,AW00011897,Orlando Ashe,52.0,50 and above,vip,156,3,8203,2734,315,6,5,2013-10-14,26
899,AW00011898,Angela Henderson,51.0,50 and above,vip,159,3,8179,2726,371,6,6,2013-07-23,22
900,AW00011899,Brenda Perez,50.0,50 and above,vip,159,3,8189,2729,372,7,7,2013-07-08,22
901,AW00011900,Byron Carlson,45.0,40-49,vip,159,3,8257,2752,375,7,7,2013-07-11,22
902,AW00011901,Stacy Alvarez,53.0,50 and above,vip,155,3,8248,2749,317,7,6,2013-11-09,26
904,AW00011903,Kate Raji,41.0,40-49,vip,159,3,8108,2702,368,4,4,2013-07-13,22
905,AW00011904,Kaylee Cook,40.0,40-49,vip,159,3,8214,2738,373,7,7,2013-07-01,22
906,AW00011905,Isaiah Ramirez,52.0,50 and above,vip,159,3,8156,2718,354,7,7,2013-07-06,23
907,AW00011906,Gabriella Sanders,54.0,50 and above,vip,159,3,8151,2717,370,7,7,2013-07-12,22
908,AW00011907,Sarah Garcia,53.0,50 and above,vip,159,3,8135,2711,369,5,5,2013-07-20,22
909,AW00011908,Rafael Tang,54.0,50 and above,vip,158,3,8079,2693,351,3,3,2013-08-23,23
910,AW00011909,Nichole She,55.0,50 and above,vip,158,3,8105,2701,352,7,7,2013-08-01,23
911,AW00011910,Jaclyn Zheng,55.0,50 and above,vip,158,3,8113,2704,368,5,5,2013-08-03,22
913,AW00011912,Rachael Sai,,50 and above,vip,155,3,8095,2698,323,6,6,2013-11-22,25
915,AW00011914,Meagan Rana,47.0,40-49,vip,158,3,8166,2722,371,8,8,2013-08-23,22
916,AW00011915,Philip Carlson,,50 and above,vip,158,3,8143,2714,370,8,7,2013-08-24,22
917,AW00011916,Joe Rana,50.0,50 and above,vip,158,3,8179,2726,371,7,7,2013-08-21,22
918,AW00011917,Roy Sanz,55.0,50 and above,vip,158,3,8121,2707,369,6,6,2013-08-19,22
919,AW00011918,Kaylee Hill,57.0,50 and above,vip,155,3,8205,2735,328,8,8,2013-11-25,25
920,AW00011919,Warren Andersen,57.0,50 and above,vip,154,3,8172,2724,314,8,8,2013-12-21,26
921,AW00011920,Adrienne Gomez,51.0,50 and above,vip,154,3,8156,2718,313,7,7,2013-12-11,26
953,AW00011952,Dorothy Robinson,66.0,50 and above,vip,158,3,8169,2723,371,7,7,2013-08-07,22
964,AW00011963,Antonio Patterson,66.0,50 and above,vip,158,3,8068,2689,366,5,5,2013-08-23,22
965,AW00011964,Sharon Salavaria,59.0,50 and above,vip,158,3,8173,2724,371,6,6,2013-08-09,22
968,AW00011967,Latasha Munoz,64.0,50 and above,vip,158,3,8153,2717,370,6,6,2013-08-07,22
969,AW00011968,Kelsey Becker,62.0,50 and above,vip,158,3,8079,2693,367,3,3,2013-08-17,22
970,AW00011969,Randy Xu,62.0,50 and above,vip,158,3,8173,2724,371,6,6,2013-08-16,22
977,AW00011976,Audrey Ramos,56.0,50 and above,vip,158,3,8087,2695,367,6,6,2013-08-25,22
978,AW00011977,Bonnie Jai,62.0,50 and above,vip,158,3,8213,2737,391,8,8,2013-08-15,21
987,AW00011986,Max Alvarez,57.0,50 and above,vip,158,3,8245,2748,392,11,11,2013-08-27,21
989,AW00011988,Kathryn Chapman,58.0,50 and above,vip,158,3,8078,2692,384,6,6,2013-08-06,21
990,AW00011989,Kara Anand,42.0,40-49,vip,158,3,8140,2713,387,5,5,2013-08-06,21
991,AW00011990,Joanna Vazquez,58.0,50 and above,vip,158,3,8164,2721,388,7,6,2013-08-22,21
992,AW00011991,Frederick Martinez,58.0,50 and above,vip,154,3,8128,2709,325,6,6,2013-12-19,25
993,AW00011992,Tonya Chande,54.0,50 and above,vip,154,3,8123,2707,324,5,5,2013-12-11,25
994,AW00011993,Rosa Wang,49.0,40-49,vip,154,3,8131,2710,325,7,7,2013-12-23,25
995,AW00011994,Leah Hu,49.0,40-49,vip,158,3,8169,2723,389,5,5,2013-08-23,21
996,AW00011995,Kelvin Carson,61.0,50 and above,vip,154,3,8249,2749,329,7,7,2013-12-10,25
997,AW00011996,Veronica Srini,60.0,50 and above,vip,158,3,7059,2353,336,11,10,2013-08-02,21
998,AW00011997,Kristina Kapoor,55.0,50 and above,vip,158,3,7030,2343,334,7,7,2013-08-14,21
999,AW00011998,Donna Sharma,60.0,50 and above,vip,158,3,6962,2320,331,7,7,2013-08-28,21
1000,AW00011999,Johnny Shan,61.0,50 and above,vip,158,3,7043,2347,335,9,9,2013-08-02,21
1001,AW00012000,Ashley Russell,56.0,50 and above,vip,158,3,8183,2727,389,8,8,2013-08-15,21
1002,AW00012001,Shannon Yang,45.0,40-49,vip,158,3,8113,2704,386,7,7,2013-08-14,21
1003,AW00012002,Adriana Lopez,57.0,50 and above,vip,158,3,8145,2715,387,6,6,2013-08-03,21
1004,AW00012003,Audrey Munoz,47.0,40-49,vip,158,3,8256,2752,393,8,8,2013-08-10,21
1005,AW00012004,Jarrod Suri,52.0,50 and above,vip,158,3,8114,2704,386,4,4,2013-08-08,21
1006,AW00012005,Gilbert Shen,53.0,50 and above,vip,158,3,6985,2328,332,6,6,2013-08-17,21
1008,AW00012007,Shannon Sun,59.0,50 and above,vip,157,3,7024,2341,334,8,7,2013-09-21,21
1010,AW00012009,Ann Martinez,63.0,50 and above,vip,158,3,8195,2731,409,7,7,2013-08-13,20
1011,AW00012010,Max Serrano,64.0,50 and above,vip,158,3,8203,2734,410,8,8,2013-08-06,20
1038,AW00012037,Patricia Chapman,77.0,50 and above,vip,157,3,7107,2369,338,8,8,2013-09-09,21
1040,AW00012039,Ricardo Nath,78.0,50 and above,vip,158,3,8212,2737,410,9,8,2013-08-06,20
1125,AW00012124,Brandi Gill,64.0,50 and above,vip,156,5,13195,2639,399,12,11,2013-10-07,33
1126,AW00012125,Diana Ortega,64.0,50 and above,vip,155,4,8595,2148,477,10,10,2013-11-17,18
1129,AW00012128,Kristy Munoz,59.0,50 and above,vip,154,4,8681,2170,456,9,8,2013-12-04,19
1130,AW00012129,Wendy Alvarez,64.0,50 and above,vip,154,4,8557,2139,450,9,8,2013-12-25,19
1131,AW00012130,Suzanne Zhou,64.0,50 and above,vip,155,4,7987,1996,443,10,9,2013-11-14,18
1132,AW00012131,Randall Dominguez,65.0,50 and above,vip,156,5,13265,2653,414,11,11,2013-10-10,32
1133,AW00012132,Kaitlyn Henderson,65.0,50 and above,vip,156,5,13294,2658,402,14,13,2013-10-17,33
1211,AW00012210,Alan He,42.0,40-49,vip,155,3,6825,2275,341,6,5,2013-11-11,20
1215,AW00012214,Julie Raje,58.0,50 and above,vip,154,3,6803,2267,323,8,8,2013-12-17,21
1216,AW00012215,Karla She,58.0,50 and above,vip,154,3,6890,2296,328,9,9,2013-12-21,21
1217,AW00012216,Gerald Rodriguez,59.0,50 and above,vip,154,3,6955,2318,331,9,8,2013-12-17,21
1223,AW00012222,Jenny Xu,60.0,50 and above,vip,154,3,6909,2303,329,8,7,2013-12-07,21
1240,AW00012239,Alberto Ramos,79.0,50 and above,vip,154,3,6901,2300,328,8,7,2013-12-17,21
1264,AW00012263,Emmanuel Garcia,61.0,50 and above,vip,154,3,6829,2276,325,8,8,2013-12-27,21
1292,AW00012291,Johnathan Suri,77.0,50 and above,vip,155,4,8067,2016,504,11,10,2013-11-20,16
1297,AW00012296,Francisco Sara,65.0,50 and above,vip,156,5,13164,2632,453,12,9,2013-10-25,29
1298,AW00012297,Felicia Blanco,76.0,50 and above,vip,155,4,8022,2005,534,11,10,2013-11-09,15
1299,AW00012298,Crystal Zeng,76.0,50 and above,vip,154,4,8052,2013,503,10,10,2013-12-11,16
1301,AW00012300,Adriana Gonzalez,74.0,50 and above,vip,156,5,13242,2648,456,10,10,2013-10-17,29
1302,AW00012301,Nichole Nara,74.0,50 and above,vip,155,5,13294,2658,443,13,11,2013-11-20,30
1303,AW00012302,Kevin Coleman,75.0,50 and above,vip,154,4,8091,2022,505,12,12,2013-12-26,16
1308,AW00012307,Brad She,66.0,50 and above,vip,155,5,13172,2634,439,11,10,2013-11-17,30
1309,AW00012308,Margaret He,56.0,50 and above,vip,155,5,13268,2653,457,14,14,2013-11-19,29
1315,AW00012314,Jill Suarez,67.0,50 and above,vip,154,4,7997,1999,499,8,7,2013-12-28,16
1316,AW00012315,Ann Rodriguez,67.0,50 and above,new,163,3,6803,2267,755,6,6,2013-03-14,9
1317,AW00012316,Alejandro Luo,62.0,50 and above,new,163,3,6799,2266,679,6,6,2013-03-19,10
1318,AW00012317,Carl She,67.0,50 and above,new,163,3,6823,2274,758,9,8,2013-03-24,9
1319,AW00012318,Kristina Schmidt,68.0,50 and above,new,163,3,6808,2269,756,4,4,2013-03-08,9
1322,AW00012321,Rosa Hu,70.0,50 and above,vip,155,5,13215,2643,455,15,12,2013-11-21,29
1324,AW00012323,Lawrence Alonso,64.0,50 and above,vip,161,4,10836,2709,471,11,11,2013-05-15,23
1329,AW00012328,Eugene Zhao,71.0,50 and above,new,163,3,6792,2264,754,8,7,2013-03-21,9
1331,AW00012330,Preston Raman,72.0,50 and above,vip,154,4,7932,1983,495,10,8,2013-12-24,16
1333,AW00012332,Andres Nara,72.0,50 and above,vip,160,4,10789,2697,449,10,10,2013-06-24,24
1334,AW00012333,Terrance Rodriguez,72.0,50 and above,vip,160,4,10829,2707,451,11,9,2013-06-05,24
1336,AW00012335,Francisco Ashe,67.0,50 and above,new,163,3,6912,2304,768,9,8,2013-03-22,9
1338,AW00012337,Dustin Goldstein,45.0,40-49,vip,158,3,8137,2712,406,7,6,2013-08-08,20
1339,AW00012338,Monica Vance,44.0,40-49,vip,158,3,8265,2755,413,8,8,2013-08-17,20
1340,AW00012339,Clayton Jai,44.0,40-49,vip,158,3,6865,2288,361,5,5,2013-08-03,19
1341,AW00012340,Stacy Diaz,44.0,40-49,vip,157,3,6752,2250,337,6,6,2013-09-23,20
1342,AW00012341,Katie Kumar,44.0,40-49,vip,157,3,6840,2280,342,7,6,2013-09-09,20
1343,AW00012342,Morgan Young,46.0,40-49,vip,157,3,6838,2279,341,7,7,2013-09-23,20
1347,AW00012346,Wesley Gao,46.0,40-49,vip,157,3,6864,2288,343,5,5,2013-09-18,20
1348,AW00012347,Summer Madan,46.0,40-49,vip,157,3,6839,2279,341,6,5,2013-09-24,20
1349,AW00012348,Jimmy Vazquez,47.0,40-49,vip,157,3,6906,2302,345,10,9,2013-09-12,20
1350,AW00012349,Lacey Yuan,46.0,40-49,vip,157,3,6772,2257,322,5,5,2013-09-01,21
1351,AW00012350,Logan Hernandez,42.0,40-49,vip,157,3,6791,2263,339,6,5,2013-09-25,20
1354,AW00012353,Joe Ramos,42.0,40-49,vip,158,3,6765,2255,356,5,5,2013-08-29,19
1355,AW00012354,Lance Ortega,42.0,40-49,vip,157,3,6797,2265,339,6,6,2013-09-02,20
1356,AW00012355,Monique Ortega,42.0,40-49,vip,157,3,6818,2272,324,7,7,2013-09-17,21
1357,AW00012356,Julia Wood,49.0,40-49,vip,157,3,6810,2270,340,5,5,2013-09-19,20
1359,AW00012358,Lacey Raje,51.0,50 and above,vip,157,3,6787,2262,339,5,5,2013-09-04,20
1361,AW00012360,Mario Goel,49.0,40-49,vip,157,3,6750,2250,337,3,3,2013-09-24,20
1399,AW00012398,Ashley Clark,49.0,40-49,vip,157,3,6498,2166,240,6,6,2013-09-17,27
1511,AW00012510,Roberto Sanz,58.0,50 and above,vip,157,3,6440,2146,257,6,6,2013-09-20,25
1608,AW00012607,Tamara Zhu,60.0,50 and above,vip,157,3,6489,2163,270,7,7,2013-09-11,24
1621,AW00012620,Maurice Lal,52.0,50 and above,vip,157,3,6480,2160,270,7,7,2013-09-26,24
1622,AW00012621,Barry Martinez,46.0,40-49,vip,157,3,6471,2157,269,7,7,2013-09-22,24
1631,AW00012630,Kevin Simmons,66.0,50 and above,new,162,3,6825,2275,853,6,6,2013-04-26,8
1632,AW00012631,Clarence Gao,77.0,50 and above,vip,160,4,10799,2699,539,11,10,2013-06-07,20
1633,AW00012632,Bonnie Nath,65.0,50 and above,vip,160,4,10793,2698,539,6,6,2013-06-16,20
1635,AW00012634,Derrick Ruiz,75.0,50 and above,new,162,3,6787,2262,848,5,5,2013-04-24,8
1638,AW00012637,Leonard Nath,75.0,50 and above,new,162,3,6845,2281,977,6,6,2013-04-29,7
1641,AW00012640,Angel Richardson,62.0,50 and above,new,162,3,6752,2250,964,6,5,2013-04-27,7
1645,AW00012644,Rachel Reed,68.0,50 and above,new,162,3,6838,2279,976,7,7,2013-04-20,7
1646,AW00012645,Audrey Ruiz,62.0,50 and above,new,162,3,6847,2282,978,6,5,2013-04-14,7
1648,AW00012647,Colleen Anand,63.0,50 and above,new,162,3,6886,2295,860,9,9,2013-04-20,8
1649,AW00012648,Lori Dominguez,69.0,50 and above,new,161,3,6817,2272,852,8,8,2013-05-01,8
1651,AW00012650,Aaron Wright,71.0,50 and above,vip,160,4,10813,2703,540,9,9,2013-06-25,20
1654,AW00012653,Nichole Andersen,71.0,50 and above,new,161,3,6859,2286,857,10,8,2013-05-28,8
1656,AW00012655,Larry Vazquez,72.0,50 and above,vip,160,4,10899,2724,544,11,11,2013-06-17,20
1658,AW00012657,Audrey Blanco,72.0,50 and above,vip,154,4,7384,1846,527,8,8,2013-12-23,14
1659,AW00012658,Joy Gomez,66.0,50 and above,new,161,3,6863,2287,857,7,5,2013-05-13,8
1668,AW00012667,Maria Wood,44.0,40-49,vip,157,3,6813,2271,358,7,7,2013-09-16,19
1669,AW00012668,Melissa Patterson,45.0,40-49,vip,157,3,6839,2279,359,5,5,2013-09-19,19
1670,AW00012669,Irving Schmidt,45.0,40-49,vip,157,3,6791,2263,357,5,5,2013-09-19,19
1671,AW00012670,Sarah Martinez,45.0,40-49,vip,157,3,6785,2261,357,5,4,2013-09-12,19
1672,AW00012671,Alan Huang,47.0,40-49,vip,158,3,6802,2267,377,6,6,2013-08-29,18
1674,AW00012673,Colin Stone,45.0,40-49,vip,157,3,6768,2256,356,5,5,2013-09-05,19
1675,AW00012674,Jimmy Travers,45.0,40-49,vip,157,3,6829,2276,359,4,4,2013-09-04,19
1676,AW00012675,Holly Fernandez,42.0,40-49,vip,157,3,6812,2270,358,5,5,2013-09-14,19
1677,AW00012676,Michele Madan,47.0,40-49,vip,157,3,6859,2286,361,5,5,2013-09-06,19
1678,AW00012677,Cedric Liu,46.0,40-49,vip,157,3,6785,2261,357,4,4,2013-09-21,19
1681,AW00012680,George Sanchez,49.0,40-49,vip,157,3,6880,2293,362,10,10,2013-09-17,19
1682,AW00012681,Christy Chow,49.0,40-49,vip,157,3,6784,2261,357,5,5,2013-09-18,19
1684,AW00012683,Laura Zhou,48.0,40-49,vip,157,3,6801,2267,357,5,5,2013-09-21,19
1685,AW00012684,Shaun Shen,48.0,40-49,vip,156,3,6893,2297,344,10,9,2013-10-19,20
1686,AW00012685,Jaclyn Xu,49.0,40-49,vip,156,3,6904,2301,328,8,8,2013-10-09,21
1687,AW00012686,Trisha Zhou,48.0,40-49,vip,156,3,6864,2288,343,5,5,2013-10-01,20
1688,AW00012687,Marshall Li,49.0,40-49,vip,156,3,6805,2268,358,4,4,2013-10-19,19
1689,AW00012688,Stacy Navarro,48.0,40-49,vip,156,3,6867,2289,361,6,4,2013-10-02,19
1690,AW00012689,Tamara Pal,48.0,40-49,vip,157,3,6846,2282,380,8,8,2013-09-29,18
1694,AW00012693,Ruth Gonzalez,50.0,50 and above,vip,156,3,6820,2273,358,5,5,2013-10-23,19
1695,AW00012694,Jay Arthur,43.0,40-49,vip,156,3,6785,2261,357,5,5,2013-10-09,19
1699,AW00012698,Mohamed Pal,45.0,40-49,vip,157,3,6786,2262,377,6,6,2013-09-29,18
1700,AW00012699,Amy Chow,51.0,50 and above,vip,156,3,6798,2266,357,6,6,2013-10-20,19
1701,AW00012700,Mindy Kumar,50.0,50 and above,vip,156,3,6860,2286,381,7,6,2013-10-24,18
1702,AW00012701,Gary Gutierrez,44.0,40-49,vip,157,3,6868,2289,404,8,7,2013-09-30,17
1703,AW00012702,Yolanda Shan,49.0,40-49,vip,156,3,6911,2303,383,9,9,2013-10-07,18
1704,AW00012703,Renee Suarez,50.0,50 and above,vip,156,3,6891,2297,382,8,8,2013-10-03,18
1706,AW00012705,Andre Garcia,46.0,40-49,vip,156,3,6854,2284,360,7,7,2013-10-18,19
1707,AW00012706,Louis Liang,46.0,40-49,vip,156,3,6851,2283,380,9,8,2013-10-18,18
1751,AW00012750,Teresa Vazquez,50.0,50 and above,vip,156,3,6492,2164,270,6,6,2013-10-28,24
1755,AW00012754,Lindsey Deng,45.0,40-49,vip,156,3,6503,2167,270,7,7,2013-10-03,24
1806,AW00012805,Marvin Moreno,53.0,50 and above,vip,156,3,6522,2174,271,7,7,2013-10-06,24
1988,AW00012987,Felicia Moreno,46.0,40-49,vip,156,3,6759,2253,375,4,4,2013-10-14,18
1989,AW00012988,Barbara Goel,46.0,40-49,vip,156,3,6915,2305,363,7,7,2013-10-21,19
1990,AW00012989,Carly Goel,51.0,50 and above,vip,156,3,6817,2272,358,8,8,2013-10-06,19
1991,AW00012990,Leslie Hernandez,51.0,50 and above,vip,156,3,6829,2276,379,4,4,2013-10-01,18
1995,AW00012994,Anna Martinez,51.0,50 and above,vip,156,3,6855,2285,380,7,7,2013-10-08,18
1996,AW00012995,Grant Nara,50.0,50 and above,vip,156,3,6850,2283,380,7,6,2013-10-26,18
1997,AW00012996,Jaclyn Liu,51.0,50 and above,vip,156,3,6808,2269,378,4,4,2013-10-02,18
2000,AW00012999,Nichole Shen,54.0,50 and above,vip,156,3,6840,2280,380,5,5,2013-10-19,18
2001,AW00013000,Rafael Raje,46.0,40-49,vip,156,3,6799,2266,377,6,6,2013-10-23,18
2002,AW00013001,Clarence Zhang,51.0,50 and above,vip,156,3,6799,2266,377,7,7,2013-10-09,18
2007,AW00013006,Whitney Rana,55.0,50 and above,vip,157,3,6762,2254,397,4,4,2013-09-29,17
2012,AW00013011,Anne Ortega,56.0,50 and above,vip,156,3,6819,2273,378,7,6,2013-10-05,18
2013,AW00013012,Krystal Hu,55.0,50 and above,vip,156,3,7017,2339,389,9,9,2013-10-18,18
2052,AW00013051,Ethan Jones,66.0,50 and above,vip,156,3,6831,2277,379,8,8,2013-10-25,18
2076,AW00013075,Kelvin Lin,66.0,50 and above,vip,156,3,6843,2281,380,7,7,2013-10-18,18
2077,AW00013076,Craig Munoz,66.0,50 and above,vip,156,3,6862,2287,381,5,5,2013-10-16,18
2078,AW00013077,Alejandro Goel,59.0,50 and above,vip,155,3,6766,2255,356,6,5,2013-11-10,19
2079,AW00013078,Michele Chande,65.0,50 and above,vip,155,3,6850,2283,360,6,6,2013-11-14,19
2080,AW00013079,Edwin Bhat,64.0,50 and above,vip,155,3,6752,2250,355,6,6,2013-11-01,19
2081,AW00013080,Denise Mehta,58.0,50 and above,vip,155,3,6844,2281,380,9,9,2013-11-02,18
2082,AW00013081,Krista Ruiz,64.0,50 and above,vip,155,3,6772,2257,376,5,4,2013-11-17,18
2083,AW00013082,Juan Peterson,63.0,50 and above,vip,155,3,6906,2302,383,8,8,2013-11-11,18
2090,AW00013089,Elizabeth Alexander,61.0,50 and above,vip,155,3,6800,2266,377,6,6,2013-11-12,18
2091,AW00013090,Wayne Tang,62.0,50 and above,vip,155,3,6812,2270,400,6,6,2013-11-18,17
2092,AW00013091,Deanna Martin,56.0,50 and above,vip,155,3,6864,2288,403,6,6,2013-11-01,17
2104,AW00013103,Brendan Raji,57.0,50 and above,vip,155,3,6842,2280,402,8,8,2013-11-23,17
2105,AW00013104,Gregory Becker,52.0,50 and above,vip,155,3,6894,2298,405,8,8,2013-11-25,17
2114,AW00013113,Bryant Sanchez,54.0,50 and above,vip,155,3,6832,2277,401,7,7,2013-11-04,17
2115,AW00013114,Claudia Zhang,55.0,50 and above,vip,155,3,6807,2269,378,5,5,2013-11-23,18
2116,AW00013115,Clarence Wu,43.0,40-49,vip,155,3,6779,2259,398,7,7,2013-11-04,17
2118,AW00013117,Evelyn Rodriguez,55.0,50 and above,vip,155,3,6831,2277,401,6,6,2013-11-09,17
2120,AW00013119,Jaclyn Guo,55.0,50 and above,vip,155,3,6829,2276,401,6,5,2013-11-24,17
2123,AW00013122,Catherine Cox,55.0,50 and above,vip,155,3,6871,2290,404,7,7,2013-11-27,17
2124,AW00013123,Kelli Raji,51.0,50 and above,vip,156,3,6765,2255,422,5,5,2013-10-29,16
2127,AW00013126,Lydia Suri,57.0,50 and above,vip,155,3,6815,2271,400,7,7,2013-11-23,17
2129,AW00013128,Colleen West,51.0,50 and above,vip,156,3,6817,2272,426,5,5,2013-10-30,16
2130,AW00013129,Joy Ramos,57.0,50 and above,vip,155,3,6823,2274,401,5,5,2013-11-19,17
2131,AW00013130,Dalton Miller,56.0,50 and above,vip,155,3,6797,2265,399,5,5,2013-11-19,17
2132,AW00013131,Briana Diaz,61.0,50 and above,vip,155,3,6737,2245,396,4,4,2013-11-23,17
2133,AW00013132,Casey Vazquez,62.0,50 and above,vip,155,3,6881,2293,404,9,8,2013-11-09,17
2134,AW00013133,Devon Kennedy,61.0,50 and above,vip,156,3,6813,2271,425,7,6,2013-10-29,16
2136,AW00013135,Johnny Rai,63.0,50 and above,vip,155,3,6773,2257,398,5,4,2013-11-17,17
2140,AW00013139,Carmen Perez,59.0,50 and above,vip,155,3,6854,2284,403,7,7,2013-11-21,17
2161,AW00013160,Willie Xu,78.0,50 and above,vip,155,3,6839,2279,402,5,4,2013-11-20,17
2252,AW00013251,Raymond Malhotra,52.0,50 and above,new,161,3,6844,2281,1140,7,7,2013-05-07,6
2253,AW00013252,Bianca Lu,63.0,50 and above,new,161,3,6820,2273,1136,5,5,2013-05-18,6
2254,AW00013253,Carly Xie,52.0,50 and above,new,161,3,6774,2258,1129,6,6,2013-05-27,6
2255,AW00013254,Beth Gomez,63.0,50 and above,new,161,3,6801,2267,1360,6,6,2013-05-16,5
2256,AW00013255,Lance Blanco,64.0,50 and above,vip,154,4,7393,1848,616,12,9,2013-12-02,12
2257,AW00013256,Abby Subram,63.0,50 and above,vip,154,4,7494,1873,624,13,12,2013-12-25,12
2258,AW00013257,Jon Chander,63.0,50 and above,vip,154,4,8941,2235,255,9,9,2013-12-06,35
2259,AW00013258,Anne Dominguez,64.0,50 and above,vip,154,4,8886,2221,253,10,10,2013-12-14,35
2260,AW00013259,Allen Garcia,63.0,50 and above,vip,155,4,7853,1963,230,14,13,2013-11-18,34
2261,AW00013260,James Flores,63.0,50 and above,vip,158,4,7239,1809,233,8,8,2013-08-13,31
2262,AW00013261,Lindsey Andersen,64.0,50 and above,vip,157,4,7200,1800,225,6,6,2013-09-30,32
2264,AW00013263,Kate Anand,65.0,50 and above,vip,159,4,10871,2717,543,12,11,2013-07-06,20
2265,AW00013264,Melanie Sanchez,65.0,50 and above,vip,156,4,7265,1816,220,8,8,2013-10-07,33
2266,AW00013265,Luke Adams,65.0,50 and above,vip,155,4,7259,1814,213,8,8,2013-11-05,34
2405,AW00013404,Kelvin Yang,51.0,50 and above,new,161,3,6812,2270,1362,7,7,2013-05-27,5
2406,AW00013405,Ethan Bryant,63.0,50 and above,vip,159,4,10778,2694,538,11,8,2013-07-24,20
2407,AW00013406,Craig Jiménez,64.0,50 and above,vip,155,4,7300,1825,214,9,8,2013-11-17,34
2408,AW00013407,Cassandra Rana,63.0,50 and above,new,161,3,6904,2301,1380,8,8,2013-05-25,5
2409,AW00013408,Katherine Gonzales,64.0,50 and above,new,161,3,6792,2264,1358,8,7,2013-05-27,5
2412,AW00013411,Jacquelyn Blanco,66.0,50 and above,new,161,3,6819,2273,1363,5,5,2013-05-30,5
2541,AW00013540,Paula Ortega,50.0,50 and above,vip,159,3,6528,2176,225,9,9,2013-07-27,29
2542,AW00013541,Ashlee Xu,60.0,50 and above,vip,160,3,6536,2178,233,9,9,2013-06-30,28
2556,AW00013555,Tammy Smith,46.0,40-49,vip,156,3,6483,2161,294,9,9,2013-10-02,22
2557,AW00013556,Alisha Nath,51.0,50 and above,vip,155,3,6497,2165,282,7,6,2013-11-18,23
2559,AW00013558,Karen Lu,46.0,40-49,vip,155,3,6500,2166,282,6,6,2013-11-13,23
2560,AW00013559,Lori Ramos,52.0,50 and above,vip,159,3,6508,2169,224,7,7,2013-07-02,29
2561,AW00013560,Andres Shan,46.0,40-49,vip,158,3,6453,2151,222,5,5,2013-08-24,29
2576,AW00013575,Alicia Shen,76.0,50 and above,vip,158,4,9458,2364,497,13,12,2013-08-03,19
2577,AW00013576,Tamara Lal,65.0,50 and above,vip,160,3,8330,2776,287,7,7,2013-06-21,29
2578,AW00013577,Theodore Torres,75.0,50 and above,vip,158,4,9451,2362,497,11,11,2013-08-16,19
2580,AW00013579,Alan Chen,69.0,50 and above,vip,155,4,7294,1823,227,10,10,2013-11-18,32
2581,AW00013580,Carol Xu,74.0,50 and above,vip,154,4,7285,1821,220,7,6,2013-12-27,33
2582,AW00013581,Albert Blanco,74.0,50 and above,vip,160,3,8375,2791,288,8,7,2013-06-09,29
2584,AW00013583,Blake Butler,66.0,50 and above,vip,160,3,8375,2791,288,8,8,2013-06-06,29
2585,AW00013584,Isaiah Cox,62.0,50 and above,vip,159,3,8361,2787,278,7,6,2013-07-26,30
2586,AW00013585,Savannah Morris,62.0,50 and above,vip,159,3,8368,2789,278,6,6,2013-07-19,30
2591,AW00013590,Louis Xie,68.0,50 and above,vip,159,3,8306,2768,276,6,6,2013-07-22,30
2592,AW00013591,Latasha Alonso,62.0,50 and above,vip,159,3,8355,2785,278,9,8,2013-07-10,30
2593,AW00013592,Gabriella Collins,63.0,50 and above,vip,158,4,9695,2423,510,7,6,2013-08-11,19
2596,AW00013595,Cole Stewart,70.0,50 and above,vip,158,4,9391,2347,494,9,9,2013-08-15,19
2601,AW00013600,Marie Sanz,70.0,50 and above,vip,159,3,8460,2820,291,11,11,2013-07-03,29
2603,AW00013602,Virginia Mehta,71.0,50 and above,vip,160,3,8376,2792,299,8,7,2013-06-30,28
2606,AW00013605,Gerrit Straatsma,71.0,50 and above,vip,158,4,9614,2403,506,7,7,2013-08-01,19
2607,AW00013606,Drew Sharma,72.0,50 and above,vip,154,4,7195,1798,224,6,6,2013-12-27,32
2608,AW00013607,Levi Rana,66.0,50 and above,vip,154,3,6464,2154,202,5,5,2013-12-09,32
2617,AW00013616,Cole Ramirez,45.0,40-49,vip,155,3,6872,2290,429,8,8,2013-11-07,16
2619,AW00013618,Jay Raman,44.0,40-49,vip,155,3,6763,2254,422,4,4,2013-11-28,16
2620,AW00013619,Arturo Xu,45.0,40-49,vip,155,3,6808,2269,425,8,8,2013-11-22,16
2621,AW00013620,Damien Ye,45.0,40-49,vip,155,3,6848,2282,428,7,7,2013-11-13,16
2623,AW00013622,Alan Wang,47.0,40-49,vip,155,3,6841,2280,427,7,7,2013-11-01,16
2626,AW00013625,Jason Campbell,42.0,40-49,vip,156,3,6962,2320,464,6,6,2013-10-29,15
2627,AW00013626,Johnathan Madan,42.0,40-49,vip,155,3,6909,2303,431,9,9,2013-11-13,16
2630,AW00013629,Karla Yuan,48.0,40-49,vip,155,3,6889,2296,430,7,7,2013-11-19,16
2631,AW00013630,Brenda Arun,49.0,40-49,vip,154,3,6824,2274,401,8,8,2013-12-02,17
2632,AW00013631,Joe Subram,48.0,40-49,vip,154,3,6817,2272,401,8,7,2013-12-21,17
2633,AW00013632,Cheryl Munoz,49.0,40-49,vip,154,3,6838,2279,402,5,5,2013-12-17,17
2634,AW00013633,Juan Ramos,49.0,40-49,vip,154,3,6803,2267,400,6,6,2013-12-11,17
2637,AW00013636,Jarrod Rodriguez,50.0,50 and above,vip,155,3,6831,2277,426,5,4,2013-11-29,16
2638,AW00013637,Victoria Cooper,48.0,40-49,vip,154,3,6777,2259,398,6,6,2013-12-22,17
2639,AW00013638,Diana Alvarez,48.0,40-49,vip,154,3,6832,2277,401,7,7,2013-12-08,17
2644,AW00013643,Ronald Sai,50.0,50 and above,vip,154,3,6799,2266,399,6,6,2013-12-02,17
2645,AW00013644,Kristi Dominguez,51.0,50 and above,vip,154,3,6864,2288,403,5,5,2013-12-23,17
2646,AW00013645,Eugene He,50.0,50 and above,vip,154,3,6817,2272,401,8,7,2013-12-16,17
2647,AW00013646,Terry Yuan,45.0,40-49,vip,154,3,6843,2281,402,8,8,2013-12-05,17
2648,AW00013647,Armando Alonso,51.0,50 and above,vip,154,3,6793,2264,399,5,5,2013-12-21,17
2649,AW00013648,Arturo Sharma,45.0,40-49,vip,154,3,6765,2255,397,5,5,2013-12-22,17
2650,AW00013649,Rebekah Suarez,50.0,50 and above,vip,154,3,6812,2270,400,7,6,2013-12-15,17
2651,AW00013650,Jessie She,50.0,50 and above,vip,154,3,6768,2256,398,5,5,2013-12-28,17
2652,AW00013651,Jerry Sharma,49.0,40-49,vip,154,3,6812,2270,400,7,7,2013-12-20,17
2686,AW00013685,Briana Torres,42.0,40-49,vip,158,3,6509,2169,232,9,9,2013-08-25,28
2687,AW00013686,Peter Jai,47.0,40-49,vip,157,3,6493,2164,223,4,4,2013-09-06,29
2691,AW00013690,Claudia Gao,49.0,40-49,vip,155,3,7162,2387,217,6,6,2013-11-06,33
2694,AW00013693,Dominic Gonzalez,50.0,50 and above,vip,154,3,7171,2390,210,6,6,2013-12-05,34
2698,AW00013697,Jésus Munoz,50.0,50 and above,vip,158,3,6485,2161,231,7,7,2013-08-31,28
2766,AW00013765,Jaime Shen,52.0,50 and above,vip,154,3,7152,2384,216,5,5,2013-12-28,33
2771,AW00013770,Gerald Moreno,52.0,50 and above,vip,156,3,6428,2142,214,5,5,2013-10-04,30
2772,AW00013771,Victor Moreno,47.0,40-49,vip,156,3,6535,2178,225,10,10,2013-10-15,29
2778,AW00013777,Manuel Perez,53.0,50 and above,vip,154,3,7147,2382,216,7,7,2013-12-27,33
2783,AW00013782,Kelli Lu,48.0,40-49,vip,156,3,6512,2170,224,9,7,2013-10-15,29
2785,AW00013784,Spencer Griffin,55.0,50 and above,vip,154,3,7138,2379,216,4,4,2013-12-23,33
2793,AW00013792,Charles Taylor,56.0,50 and above,vip,154,3,7216,2405,218,7,7,2013-12-22,33
2795,AW00013794,Mallory Martin,56.0,50 and above,vip,154,3,7212,2404,218,9,8,2013-12-12,33
2823,AW00013822,Jay Moyer,59.0,50 and above,vip,156,3,6523,2174,232,7,7,2013-10-17,28
2842,AW00013841,Clayton Kumar,47.0,40-49,vip,156,3,6624,2208,213,4,4,2013-10-17,31
2954,AW00013953,Theresa Munoz,46.0,40-49,vip,154,3,6840,2280,402,6,6,2013-12-19,17
2956,AW00013955,Andres Raji,51.0,50 and above,vip,154,3,6888,2296,405,8,8,2013-12-15,17
2959,AW00013958,Diane Martin,53.0,50 and above,vip,154,3,6839,2279,402,5,5,2013-12-03,17
2960,AW00013959,Ebony Carlson,52.0,50 and above,vip,154,3,6858,2286,403,8,8,2013-12-10,17
2961,AW00013960,Lacey Kumar,53.0,50 and above,vip,154,3,6871,2290,404,7,7,2013-12-23,17
2965,AW00013964,Jasmine Lewis,55.0,50 and above,vip,154,3,6806,2268,400,5,5,2013-12-17,17
2966,AW00013965,Barry Sara,49.0,40-49,vip,154,3,6872,2290,404,9,9,2013-12-20,17
2967,AW00013966,Darren Dominguez,55.0,50 and above,vip,154,3,6842,2280,402,8,8,2013-12-26,17
2971,AW00013970,Pedro Rana,53.0,50 and above,vip,154,3,6843,2281,402,5,5,2013-12-10,17
2972,AW00013971,Bianca Zhao,53.0,50 and above,vip,154,3,6772,2257,398,6,5,2013-12-24,17
3021,AW00014020,Kristine Dominguez,67.0,50 and above,vip,154,3,6831,2277,426,5,5,2013-12-10,16
3031,AW00014030,Lawrence Sanz,65.0,50 and above,vip,154,3,6905,2301,431,5,5,2013-12-10,16
3032,AW00014031,Ruben Suarez,60.0,50 and above,vip,154,3,6964,2321,435,8,8,2013-12-10,16
3033,AW00014032,Arthur Chandra,65.0,50 and above,vip,154,3,6859,2286,428,8,8,2013-12-18,16
3034,AW00014033,Melinda Torres,58.0,50 and above,vip,154,3,6809,2269,425,5,5,2013-12-15,16
3039,AW00014038,Madison Foster,61.0,50 and above,vip,154,3,6819,2273,426,6,6,2013-12-17,16
3040,AW00014039,Nathan Wang,56.0,50 and above,vip,154,3,6808,2269,425,6,5,2013-12-05,16
3046,AW00014045,Tanya Ramos,54.0,50 and above,vip,154,3,6804,2268,425,5,4,2013-12-25,16
3147,AW00014146,Toni Sara,61.0,50 and above,vip,156,3,6750,2250,225,8,8,2013-10-16,30
3151,AW00014150,Billy Munoz,62.0,50 and above,vip,156,3,6705,2235,223,5,5,2013-10-02,30
3158,AW00014157,Willie Xu,46.0,40-49,vip,156,3,6650,2216,221,4,4,2013-10-28,30
3161,AW00014160,Brittney Hu,51.0,50 and above,vip,156,3,6679,2226,256,8,8,2013-10-09,26
3162,AW00014161,Claudia Li,52.0,50 and above,vip,155,3,6497,2165,240,7,7,2013-11-03,27
3163,AW00014162,Brett Garcia,51.0,50 and above,vip,154,3,6473,2157,231,7,7,2013-12-19,28
3164,AW00014163,Ebony Garcia,51.0,50 and above,vip,154,3,6566,2188,234,7,7,2013-12-04,28
3165,AW00014164,Kari Smith,46.0,40-49,vip,154,3,6484,2161,231,7,7,2013-12-05,28
3172,AW00014171,Michele Lal,76.0,50 and above,vip,154,3,6616,2205,236,10,10,2013-12-12,28
3182,AW00014181,Adriana Chandra,74.0,50 and above,vip,160,3,8326,2775,378,5,5,2013-06-28,22
3184,AW00014183,Robyn Carlson,62.0,50 and above,vip,159,3,8321,2773,308,5,5,2013-07-27,27
3186,AW00014185,Frank Vazquez,68.0,50 and above,vip,159,4,9524,2381,595,13,12,2013-07-31,16
3187,AW00014186,Katrina Tang,69.0,50 and above,vip,158,4,9796,2449,576,10,10,2013-08-12,17
3190,AW00014189,Krista Martin,69.0,50 and above,vip,160,3,8317,2772,378,4,4,2013-06-10,22
3192,AW00014191,Derrick Martin,64.0,50 and above,vip,159,3,8301,2767,307,5,5,2013-07-15,27
3193,AW00014192,Ronald Kapoor,70.0,50 and above,vip,158,4,9452,2363,556,10,10,2013-08-03,17
3196,AW00014195,Clinton Blanco,71.0,50 and above,vip,158,3,8316,2772,297,7,7,2013-08-04,28
3199,AW00014198,Daisy Romero,71.0,50 and above,vip,160,3,8308,2769,377,7,7,2013-06-07,22
3201,AW00014200,Colleen Goel,72.0,50 and above,vip,157,4,9422,2355,523,10,10,2013-09-28,18
3204,AW00014203,Seth Rodriguez,74.0,50 and above,vip,158,3,7082,2360,416,9,9,2013-08-31,17
3208,AW00014207,José Saraiva,73.0,50 and above,vip,160,3,8361,2787,398,6,6,2013-06-17,21
3425,AW00014424,Stefanie Raman,52.0,50 and above,vip,157,3,6999,2333,388,7,7,2013-09-25,18
3426,AW00014425,Victor Carlson,52.0,50 and above,vip,160,3,8332,2777,396,6,6,2013-06-11,21
3427,AW00014426,Madison Hughes,58.0,50 and above,vip,160,3,8319,2773,396,6,6,2013-06-16,21
3428,AW00014427,Emmanuel Patel,65.0,50 and above,vip,158,3,8451,2817,301,10,9,2013-08-27,28
3429,AW00014428,Cassie Andersen,65.0,50 and above,vip,159,3,8321,2773,361,5,5,2013-07-13,23
3430,AW00014429,Lacey He,65.0,50 and above,vip,158,3,8394,2798,289,6,6,2013-08-16,29
3526,AW00014525,Claudia Sun,44.0,40-49,vip,156,3,6665,2221,222,6,6,2013-10-26,30
3698,AW00014697,Nelson Jimenez,49.0,40-49,vip,157,3,6684,2228,238,6,6,2013-09-30,28
3703,AW00014702,Curtis Zimmerman,48.0,40-49,vip,156,3,6729,2243,232,7,7,2013-10-06,29
3713,AW00014712,Eugene Liu,49.0,40-49,vip,156,3,6660,2220,229,5,5,2013-10-04,29
3714,AW00014713,Jon Ye,50.0,50 and above,vip,154,3,6461,2153,239,7,7,2013-12-04,27
3771,AW00014770,Melvin Andersen,47.0,40-49,vip,156,3,6679,2226,238,5,5,2013-10-11,28
3772,AW00014771,Heidi Vance,52.0,50 and above,vip,156,3,6689,2229,238,6,6,2013-10-17,28
3774,AW00014773,Noah Ross,53.0,50 and above,vip,160,3,7016,2338,501,5,5,2013-06-29,14
3775,AW00014774,Max Ferrier,53.0,50 and above,vip,154,3,6434,2144,238,4,4,2013-12-07,27
3776,AW00014775,Bonnie Xie,41.0,40-49,vip,160,3,8404,2801,400,8,8,2013-06-05,21
3779,AW00014778,Renee Jimenez,54.0,50 and above,vip,155,3,6673,2224,230,7,7,2013-11-17,29
3791,AW00014790,Terry Tang,54.0,50 and above,vip,160,3,7005,2335,500,8,8,2013-06-17,14
3792,AW00014791,Ashlee Deng,54.0,50 and above,vip,160,3,7210,2403,515,9,8,2013-06-22,14
3831,AW00014830,Isabella Ward,52.0,50 and above,vip,161,3,8346,2782,439,8,7,2013-05-30,19
3834,AW00014833,Riley Hayes,59.0,50 and above,vip,155,3,6679,2226,230,5,5,2013-11-08,29
3844,AW00014843,Lee Vazquez,45.0,40-49,vip,155,3,6690,2230,230,6,6,2013-11-26,29
3847,AW00014846,Kelsey Chande,41.0,40-49,vip,155,3,6744,2248,240,7,7,2013-11-10,28
3848,AW00014847,Vadim Sazanovich,47.0,40-49,vip,155,3,6725,2241,240,7,6,2013-11-19,28
3929,AW00014928,Roy Patel,53.0,50 and above,vip,156,3,6706,2235,248,6,6,2013-10-31,27
3930,AW00014929,Peter Anand,47.0,40-49,vip,155,3,6646,2215,237,5,5,2013-11-04,28
3932,AW00014931,Andres Pal,52.0,50 and above,vip,160,3,6981,2327,537,10,10,2013-06-28,13
3938,AW00014937,Brendan Xu,43.0,40-49,vip,155,3,6652,2217,237,5,5,2013-11-09,28
3940,AW00014939,Cory Kapoor,54.0,50 and above,vip,160,3,8367,2789,440,7,7,2013-06-27,19
3941,AW00014940,Carmen Rana,48.0,40-49,vip,159,3,8367,2789,418,8,8,2013-07-16,20
3942,AW00014941,Emma Patterson,54.0,50 and above,vip,155,3,6865,2288,245,7,7,2013-11-26,28
3948,AW00014947,Alejandro Chen,50.0,50 and above,vip,155,3,6658,2219,237,6,6,2013-11-07,28
3950,AW00014949,Steve Wu,56.0,50 and above,vip,154,3,6795,2265,234,5,5,2013-12-04,29
3951,AW00014950,Maria Hernandez,51.0,50 and above,vip,154,3,6709,2236,231,6,6,2013-12-17,29
3977,AW00014976,Randy Hu,59.0,50 and above,vip,160,3,7041,2347,586,5,5,2013-06-09,12
3985,AW00014984,Regina Vance,42.0,40-49,vip,154,3,6699,2233,231,7,7,2013-12-28,29
3992,AW00014991,Edwin Zhao,45.0,40-49,vip,154,3,6706,2235,231,6,6,2013-12-09,29
4048,AW00015047,Meghan Vazquez,59.0,50 and above,vip,154,3,6669,2223,229,7,6,2013-12-19,29
4049,AW00015048,Bonnie Yuan,60.0,50 and above,vip,154,3,6690,2230,238,6,6,2013-12-01,28
4052,AW00015051,Harold McDonald,61.0,50 and above,vip,155,3,6650,2216,246,4,4,2013-11-30,27
4057,AW00015056,Jaime Suarez,62.0,50 and above,vip,154,3,6748,2249,241,9,9,2013-12-01,28
4059,AW00015058,Julio Suarez,56.0,50 and above,vip,154,3,6639,2213,237,6,6,2013-12-04,28
4060,AW00015059,Lisa Zhu,56.0,50 and above,vip,154,3,6793,2264,242,10,9,2013-12-20,28
4063,AW00015062,Jaime Alonso,60.0,50 and above,vip,154,3,6684,2228,238,5,5,2013-12-20,28
4078,AW00015077,Dominique Lopez,52.0,50 and above,vip,154,3,6673,2224,238,7,7,2013-12-19,28
4079,AW00015078,Jacob Wilson,46.0,40-49,vip,154,3,6675,2225,238,4,4,2013-12-25,28
4081,AW00015080,Evelyn Chandra,40.0,40-49,vip,159,3,8305,2768,437,6,6,2013-07-09,19
4083,AW00015082,Kelvin Lal,52.0,50 and above,vip,160,3,7069,2356,589,8,7,2013-06-04,12
4085,AW00015084,Adrienne Serrano,46.0,40-49,vip,159,3,7000,2333,388,7,7,2013-07-27,18
4086,AW00015085,Kristin Jai,52.0,50 and above,vip,159,3,7229,2409,602,6,6,2013-07-13,12
4087,AW00015086,Latasha Dominguez,46.0,40-49,vip,158,3,6959,2319,535,9,9,2013-08-23,13
4094,AW00015093,Johnny Moyer,77.0,50 and above,vip,155,3,7265,2421,454,7,7,2013-11-10,16
4095,AW00015094,Wendy Ortega,71.0,50 and above,vip,155,3,7109,2369,418,7,6,2013-11-17,17
4096,AW00015095,Jodi Shan,76.0,50 and above,vip,154,3,7255,2418,426,6,6,2013-12-09,17
4098,AW00015097,Morgan Bennett,76.0,50 and above,vip,158,3,8377,2792,364,9,9,2013-08-03,23
4101,AW00015100,Brenda Chandra,74.0,50 and above,vip,159,3,6953,2317,386,6,6,2013-07-07,18
4102,AW00015101,Shawn Shan,74.0,50 and above,vip,159,3,6944,2314,385,7,7,2013-07-19,18
4107,AW00015106,Shannon Navarro,55.0,50 and above,vip,158,3,8421,2807,366,8,8,2013-08-14,23
4115,AW00015114,Erika Munoz,69.0,50 and above,vip,159,3,6919,2306,384,7,7,2013-07-22,18
4117,AW00015116,Mackenzie Ramirez,65.0,50 and above,vip,159,3,7212,2404,400,7,7,2013-07-09,18
4118,AW00015117,Dana Dominguez,72.0,50 and above,vip,159,3,6975,2325,387,9,8,2013-07-29,18
4119,AW00015118,Nelson Ortega,71.0,50 and above,vip,158,3,8301,2767,345,5,5,2013-08-20,24
4355,AW00015354,Corey Kumar,64.0,50 and above,vip,158,3,8297,2765,360,6,6,2013-08-07,23
4358,AW00015357,Craig Navarro,60.0,50 and above,vip,159,3,7232,2410,401,7,6,2013-07-15,18
4441,AW00015440,Jon Pal,47.0,40-49,vip,154,3,6736,2245,259,8,8,2013-12-25,26
4454,AW00015453,Isabelle Barnes,57.0,50 and above,vip,154,3,6650,2216,255,4,4,2013-12-14,26
4624,AW00015623,Molly Madan,48.0,40-49,vip,157,3,7247,2415,557,7,7,2013-09-23,13
4625,AW00015624,Tyrone Rubio,43.0,40-49,vip,157,3,6990,2330,537,7,7,2013-09-23,13
4626,AW00015625,Clinton Alvarez,48.0,40-49,vip,159,3,7169,2389,421,4,4,2013-07-26,17
4627,AW00015626,Eduardo White,43.0,40-49,vip,159,3,7029,2343,413,8,8,2013-07-07,17
4628,AW00015627,Troy Srini,48.0,40-49,vip,158,3,6944,2314,385,7,7,2013-08-27,18
4638,AW00015637,Russell Sharma,49.0,40-49,vip,156,3,7000,2333,500,8,8,2013-10-08,14
4676,AW00015675,Jay Alonso,51.0,50 and above,vip,158,3,7206,2402,423,7,7,2013-08-14,17
4677,AW00015676,Todd Wang,52.0,50 and above,vip,156,3,7224,2408,516,7,7,2013-10-04,14
4678,AW00015677,Alyssa Bradley,51.0,50 and above,vip,156,3,7200,2400,553,8,7,2013-10-16,13
4679,AW00015678,Susan Zhou,46.0,40-49,vip,156,3,7223,2407,555,10,8,2013-10-07,13
4685,AW00015684,Tyrone Suarez,71.0,50 and above,vip,159,3,6963,2321,435,8,8,2013-07-01,16
4686,AW00015685,Robin Vazquez,77.0,50 and above,vip,159,3,7188,2396,449,6,6,2013-07-22,16
4688,AW00015687,Jay Suri,76.0,50 and above,vip,154,3,6974,2324,464,6,5,2013-12-26,15
4689,AW00015688,Chase Gray,76.0,50 and above,new,160,3,6222,2074,691,5,5,2013-06-20,9
4692,AW00015691,Julian Henderson,67.0,50 and above,vip,158,3,8341,2780,417,7,7,2013-08-02,20
4693,AW00015692,Ryan Garcia,67.0,50 and above,vip,159,3,8392,2797,419,7,6,2013-07-31,20
4694,AW00015693,Isabel Barnes,66.0,50 and above,vip,159,3,6905,2301,431,5,5,2013-07-24,16
4696,AW00015695,Bruce Gomez,67.0,50 and above,vip,158,3,8324,2774,396,8,8,2013-08-25,21
4698,AW00015697,Julia Morris,67.0,50 and above,vip,159,3,6975,2325,435,10,9,2013-07-02,16
4700,AW00015699,Jonathon Hernandez,67.0,50 and above,vip,158,3,6970,2323,366,8,8,2013-08-11,19
4701,AW00015700,Eugene Guo,68.0,50 and above,new,159,3,6248,2082,624,5,5,2013-07-03,10
4703,AW00015702,Ruth Mehta,68.0,50 and above,vip,157,3,6918,2306,345,7,7,2013-09-01,20
4711,AW00015710,Brandy Rana,73.0,50 and above,new,159,3,6317,2105,631,7,7,2013-07-22,10
4921,AW00015920,Colin Wu,63.0,50 and above,new,159,3,6248,2082,624,5,4,2013-07-20,10
4922,AW00015921,Donald Patel,58.0,50 and above,vip,157,3,6549,2183,545,7,7,2013-09-27,12
4924,AW00015923,Ricardo Raje,59.0,50 and above,vip,154,3,6592,2197,412,8,8,2013-12-12,16
4927,AW00015926,Donna Deng,65.0,50 and above,vip,159,3,6979,2326,436,9,9,2013-07-09,16
4928,AW00015927,Gilbert Huang,64.0,50 and above,vip,159,3,6933,2311,433,6,6,2013-07-02,16
4929,AW00015928,Priscilla Pal,65.0,50 and above,vip,159,3,6960,2320,435,7,7,2013-07-23,16
4930,AW00015929,Karla Raji,64.0,50 and above,vip,157,3,6945,2315,347,7,7,2013-09-10,20
4933,AW00015932,Tabitha Jimenez,65.0,50 and above,vip,158,3,7186,2395,422,5,5,2013-08-21,17
4934,AW00015933,Clinton Dominguez,60.0,50 and above,vip,157,3,6932,2310,346,7,7,2013-09-10,20
5197,AW00016196,Kurt Raheem,47.0,40-49,vip,158,3,7237,2412,425,7,7,2013-08-27,17
5200,AW00016199,Terrence Xie,48.0,40-49,vip,158,3,6918,2306,406,5,5,2013-08-19,17
5204,AW00016203,Warren Raje,51.0,50 and above,vip,156,3,6940,2313,533,8,8,2013-10-18,13
5205,AW00016204,Terrence Anand,44.0,40-49,vip,155,3,7162,2387,511,5,5,2013-11-03,14
5206,AW00016205,Melanie Sanders,44.0,40-49,vip,155,3,6951,2317,496,7,7,2013-11-11,14
5207,AW00016206,Cindy Lewis,50.0,50 and above,vip,158,3,7203,2401,450,8,8,2013-08-25,16
5208,AW00016207,Jordan Shan,44.0,40-49,vip,157,3,7226,2408,425,7,7,2013-09-02,17
5262,AW00016261,Diana Navarro,42.0,40-49,vip,155,3,7170,2390,512,7,7,2013-11-12,14
5263,AW00016262,Kathryn Xie,42.0,40-49,vip,154,3,6950,2316,434,8,7,2013-12-13,16
5264,AW00016263,Eduardo Robinson,54.0,50 and above,vip,157,3,7243,2414,426,7,7,2013-09-19,17
5287,AW00016286,Billy Torres,49.0,40-49,vip,154,3,6921,2307,461,4,4,2013-12-02,15
5298,AW00016297,Deanna Garcia,52.0,50 and above,vip,156,3,6890,2296,405,4,4,2013-10-24,17
5299,AW00016298,Adrienne Sanz,58.0,50 and above,vip,156,3,7001,2333,411,9,9,2013-10-01,17
5308,AW00016307,Kelli Sun,52.0,50 and above,vip,156,3,6918,2306,406,5,5,2013-10-21,17
5310,AW00016309,Desiree Ortega,58.0,50 and above,vip,157,3,6911,2303,431,6,6,2013-09-30,16
5449,AW00016448,Cheryl Martin,59.0,50 and above,vip,156,3,6907,2302,431,6,6,2013-10-16,16
5566,AW00016565,Corey Anand,52.0,50 and above,vip,155,3,7203,2401,450,8,8,2013-11-05,16
5568,AW00016567,Erick Lopez,51.0,50 and above,vip,155,3,7159,2386,447,5,5,2013-11-04,16
5576,AW00016575,Veronica Vance,76.0,50 and above,vip,157,3,6995,2331,411,8,8,2013-09-02,17
5586,AW00016585,Vincent Sun,67.0,50 and above,vip,157,3,7192,2397,423,5,5,2013-09-21,17
5588,AW00016587,Zachary Martinez,67.0,50 and above,vip,158,3,7064,2354,543,10,10,2013-08-27,13
5589,AW00016588,Andre Martinez,68.0,50 and above,vip,157,3,6995,2331,411,8,8,2013-09-05,17
5590,AW00016589,Martin Suri,68.0,50 and above,vip,157,3,7343,2447,458,6,6,2013-09-17,16
5595,AW00016594,Andrew Jones,69.0,50 and above,vip,157,3,7231,2410,451,7,7,2013-09-02,16
5596,AW00016595,Cameron Anderson,68.0,50 and above,vip,157,3,6901,2300,431,7,7,2013-09-07,16
5599,AW00016598,Kate Rai,69.0,50 and above,vip,157,3,7131,2377,445,4,4,2013-09-26,16
5604,AW00016603,Scott Seely,73.0,50 and above,vip,158,3,7001,2333,538,9,9,2013-08-12,13
5822,AW00016821,Mary Carter,62.0,50 and above,vip,158,3,7221,2407,555,9,7,2013-08-19,13
5823,AW00016822,Marshall Lin,62.0,50 and above,vip,157,3,7176,2392,448,6,6,2013-09-16,16
5824,AW00016823,Stacy Ruiz,62.0,50 and above,vip,157,3,7242,2414,452,8,8,2013-09-24,16
5825,AW00016824,Randall Munoz,64.0,50 and above,vip,159,3,6939,2313,578,6,6,2013-07-31,12
5827,AW00016826,Roberto Vazquez,58.0,50 and above,vip,158,3,6954,2318,579,8,8,2013-08-23,12
5828,AW00016827,Jeffery Chen,53.0,50 and above,vip,156,3,7205,2401,423,8,7,2013-10-22,17
5829,AW00016828,Logan Mitchell,59.0,50 and above,vip,156,3,7182,2394,422,8,8,2013-10-16,17
5830,AW00016829,Wayne Lal,59.0,50 and above,vip,156,3,7185,2395,422,7,7,2013-10-04,17
5831,AW00016830,Alexandra Hall,65.0,50 and above,vip,158,3,7138,2379,594,6,6,2013-08-23,12
5832,AW00016831,Theodore Vazquez,66.0,50 and above,vip,156,3,7206,2402,423,7,6,2013-10-17,17
6094,AW00017093,Seth Sanchez,47.0,40-49,vip,155,3,6918,2306,461,5,5,2013-11-28,15
6104,AW00017103,Franklin Xu,48.0,40-49,vip,155,3,6935,2311,462,7,7,2013-11-25,15
6115,AW00017114,Jarrod Mehta,44.0,40-49,vip,155,3,7275,2425,485,9,8,2013-11-09,15
6182,AW00017181,Jenny Lal,57.0,50 and above,vip,158,3,6945,2315,578,7,7,2013-08-22,12
6183,AW00017182,Jessica Patterson,63.0,50 and above,vip,156,3,6951,2317,408,5,5,2013-10-14,17
6184,AW00017183,Shane Sanchez,58.0,50 and above,vip,158,3,7175,2391,597,8,7,2013-08-16,12
6185,AW00017184,Eddie Dominguez,64.0,50 and above,vip,158,3,7253,2417,604,8,8,2013-08-17,12
6186,AW00017185,Karla Anand,63.0,50 and above,vip,156,3,6955,2318,434,8,8,2013-10-26,16
6192,AW00017191,Gilbert Guo,65.0,50 and above,vip,158,3,6896,2298,574,4,4,2013-08-13,12
6193,AW00017192,Warren He,60.0,50 and above,vip,156,3,6978,2326,436,6,5,2013-10-22,16
6199,AW00017198,Cheryl Jiménez,76.0,50 and above,new,158,3,7233,2411,657,7,7,2013-08-21,11
6200,AW00017199,Dennis Zhou,70.0,50 and above,new,158,3,6998,2332,636,9,9,2013-08-07,11
6203,AW00017202,Deanna Martinez,76.0,50 and above,vip,155,3,6974,2324,410,9,8,2013-11-14,17
6204,AW00017203,Christine Raje,76.0,50 and above,vip,155,3,6953,2317,409,8,8,2013-11-16,17
6208,AW00017207,Ian Torres,68.0,50 and above,vip,155,3,6980,2326,410,9,8,2013-11-22,17
6210,AW00017209,Jacqueline James,67.0,50 and above,new,158,3,7182,2394,652,4,4,2013-08-06,11
6215,AW00017214,Damien Liu,68.0,50 and above,vip,156,3,7211,2403,450,5,5,2013-10-31,16
6219,AW00017218,Craig Carlson,71.0,50 and above,vip,155,3,6908,2302,406,9,7,2013-11-22,17
6221,AW00017220,Glenn Wang,72.0,50 and above,new,158,3,6915,2305,628,7,7,2013-08-26,11
6222,AW00017221,Ricky Navarro,71.0,50 and above,new,158,3,7292,2430,662,13,11,2013-08-19,11
6226,AW00017225,Lawrence Dominguez,73.0,50 and above,vip,156,3,6987,2329,436,8,8,2013-10-31,16
6782,AW00017781,Jake She,53.0,50 and above,vip,156,3,7187,2395,598,6,6,2013-10-31,12
6812,AW00017811,Stacy Hernandez,54.0,50 and above,vip,154,3,6990,2330,499,7,7,2013-12-03,14
6826,AW00017825,Clayton Li,57.0,50 and above,vip,154,3,7016,2338,501,9,9,2013-12-13,14
7127,AW00018126,Larry Ortega,62.0,50 and above,vip,155,3,6946,2315,578,7,7,2013-11-22,12
7128,AW00018127,Franklin He,62.0,50 and above,vip,155,3,6982,2327,581,8,8,2013-11-19,12
7136,AW00018135,Blake Diaz,59.0,50 and above,vip,155,3,6922,2307,576,6,6,2013-11-17,12
7137,AW00018136,Carl Xie,59.0,50 and above,vip,155,3,6905,2301,575,5,5,2013-11-21,12
7142,AW00018141,Deanna Chandra,60.0,50 and above,vip,154,3,6973,2324,536,8,8,2013-12-16,13
7148,AW00018147,Katrina Luo,76.0,50 and above,vip,154,3,6931,2310,533,6,6,2013-12-19,13
7159,AW00018158,Jeremiah Griffin,68.0,50 and above,vip,154,3,6870,2290,490,4,4,2013-12-03,14
7167,AW00018166,Julian Wood,67.0,50 and above,vip,154,3,7200,2400,553,7,7,2013-12-11,13
7169,AW00018168,Pedro Sanz,52.0,50 and above,vip,154,3,6908,2302,531,6,6,2013-12-18,13
7174,AW00018173,Brent Zhang,70.0,50 and above,vip,154,3,7189,2396,553,9,8,2013-12-05,13
7178,AW00018177,Reginald Suarez,65.0,50 and above,vip,154,3,7044,2348,541,9,9,2013-12-09,13
8032,AW00019031,Regina Perez,63.0,50 and above,vip,154,3,7226,2408,602,6,5,2013-12-11,12
8033,AW00019032,Katrina Andersen,64.0,50 and above,vip,154,3,6939,2313,578,7,7,2013-12-13,12
8615,AW00019614,Wyatt Williams,57.0,50 and above,vip,161,2,6217,3108,296,5,5,2013-05-09,21
